-- phpMyAdmin SQL Dump
-- version 4.3.11
-- http://www.phpmyadmin.net
--
-- Хост: 127.0.0.1
-- Время создания: Сен 26 2015 г., 05:12
-- Версия сервера: 5.6.24
-- Версия PHP: 5.5.24

SET SQL_MODE = "NO_AUTO_VALUE_ON_ZERO";
SET time_zone = "+00:00";


/*!40101 SET @OLD_CHARACTER_SET_CLIENT=@@CHARACTER_SET_CLIENT */;
/*!40101 SET @OLD_CHARACTER_SET_RESULTS=@@CHARACTER_SET_RESULTS */;
/*!40101 SET @OLD_COLLATION_CONNECTION=@@COLLATION_CONNECTION */;
/*!40101 SET NAMES utf8 */;

--
-- База данных: `bal`
--

-- --------------------------------------------------------

--
-- Структура таблицы `xyz_articles`
--

CREATE TABLE IF NOT EXISTS `xyz_articles` (
  `id` int(10) unsigned NOT NULL,
  `title` varchar(100) NOT NULL,
  `img` varchar(255) NOT NULL,
  `intro` text NOT NULL,
  `full` text NOT NULL,
  `section_id` int(10) unsigned DEFAULT NULL,
  `cat_id` int(10) unsigned DEFAULT NULL,
  `date` int(10) unsigned NOT NULL,
  `meta_desc` varchar(255) NOT NULL,
  `meta_key` varchar(255) NOT NULL
) ENGINE=MyISAM AUTO_INCREMENT=26 DEFAULT CHARSET=utf8;

--
-- Дамп данных таблицы `xyz_articles`
--

INSERT INTO `xyz_articles` (`id`, `title`, `img`, `intro`, `full`, `section_id`, `cat_id`, `date`, `meta_desc`, `meta_key`) VALUES
(1, 'Деревушка в утреннем тумане', '', '<div id="stix">\r\n<div ><img id="foto" src="/images/article/luna.jpg"/></div>\r\n<p>Деревушка в утреннем тумане,</p>\r\n<p>На околице избушка в три окна.</p>\r\n<p>К детству редко ходят на свидание,</p>\r\n<p>Детство не вернется никогда.</p>\r\n<p>Но с годами чаще снятся сны</p>\r\n<p>Грустные, веселые. Такие,</p>\r\n<p>Что порой просыпаемся мы,</p>\r\n<p>Словно в детство свое сходили</p>\r\n<p>И лежишь на рассвете тихо,</p>\r\n<p>Словно что-то боишься спугнуть,</p>\r\n<p>Словно заново вспоминаешь </p>\r\n<p>Свой неблизкий от детства путь.</p>\r\n<p id="dt">1971г.</p>\r\n</div>\r\n<p id="data">Далее ... </p>\r\n', '<div id="stix">\r\n<div ><img id="foto-stixi" src="/images/article/luna.jpg"/></div>\r\n<p id="zv">* * *</p>\r\n<p>Деревушка в утреннем тумане,</p>\r\n<p>На околице избушка в три окна.</p>\r\n<p>К детству редко ходят на свидание,</p>\r\n<p>Детство не вернется никогда.</p>\r\n<p>Но с годами чаще снятся сны</p>\r\n<p>Грустные, веселые. Такие,</p>\r\n<p>Что порой просыпаемся мы,</p>\r\n<p>Словно в детство свое сходили</p>\r\n<p>И лежишь на рассвете тихо,</p>\r\n<p>Словно что-то боишься спугнуть,</p>\r\n<p>Словно заново вспоминаешь </p>\r\n<p>Свой неблизкий от детства путь.</p>\r\n<p id="dt">1971г.</p>\r\n</div>', 1, 1, 1271865226, 'Описание процесса создания сайта на языке HTML.', 'создание сайта на html, язык html, первый сайт на html'),
(2, 'Балада о рюгзаке', '', '<div id="stix">\r\n<div ><img id="foto" src="/images/article/rugzak.jpg"/></div>\r\n<p>Любимая моя меня послушай,</p>\r\n<p> Не хорони меня, и я не сгину,</p>\r\n <p>Любовь твоя мне согревает душу,</p>\r\n <p>Зато рюкзак мне согревает спину.</p>\r\n<p>И если снова заведешь ты речи,</p>\r\n <p>Что жизнь трудна, а ты устала;</p>\r\n <p>"Адью, родимая" - рюкзак на плечи,</p>\r\n<p> В тайге дорог еще не мало.</p>\r\n\r\n<p> Мы с рюкзаком шагаем к юбилею,</p>\r\n<p> Мне Ч5 и 25 ему,</p>\r\n<p> О прожитых годах я не жалею,</p>\r\n<p> Ему печали тоже ни к чему.</p>\r\n \r\n <p>И пусть на рюкзаке моем заплаты,</p>\r\n<p> И пусть моя заштопана душа-</p>\r\n<p> Тайга она не царские палаты-</p>\r\n<p> Была бы лишь обувка хороша.</p>\r\n\r\n <p>Нам с ним любые покорялись дали;</p>\r\n <p>Таскали зверя, рыбу и грибы</p>\r\n <p>И никогда мы с ним не уставали,</p>\r\n <p>Он от поклажи, я же от ходьбы.</p>\r\n\r\n <p>Порой рюкзак, как мягкую подушку,</p>\r\n<p> Укладывая на ночь под себя,</p>\r\n <p>Обнявши, словно милую подружку,</p>\r\n<p> Ему шептал:-Сегодня не судьба.</p>\r\n<p id="dt">1973г.</p>\r\n</div>\r\n <p id="data">Далее ... </p>', '<div id="stix">\r\n<div ><img id="foto-stixi" src="/images/article/rugzak.jpg"/></div>\r\n<p id="zv">* * *</p>\r\n<p>Любимая моя меня послушай,</p>\r\n<p> Не хорони меня, и я не сгину,</p>\r\n <p>Любовь твоя мне согревает душу,</p>\r\n <p>Зато рюкзак мне согревает спину.</p>\r\n<p>И если снова заведешь ты речи,</p>\r\n <p>Что жизнь трудна, а ты устала;</p>\r\n <p>"Адью, родимая" - рюкзак на плечи,</p>\r\n<p> В тайге дорог еще не мало.</p>\r\n\r\n<p> Мы с рюкзаком шагаем к юбилею,</p>\r\n<p> Мне Ч5 и 25 ему,</p>\r\n<p> О прожитых годах я не жалею,</p>\r\n<p> Ему печали тоже ни к чему.</p>\r\n \r\n <p>И пусть на рюкзаке моем заплаты,</p>\r\n<p> И пусть моя заштопана душа-</p>\r\n<p> Тайга она не царские палаты-</p>\r\n<p> Была бы лишь обувка хороша.</p>\r\n\r\n <p>Нам с ним любые покорялись дали;</p>\r\n <p>Таскали зверя, рыбу и грибы</p>\r\n <p>И никогда мы с ним не уставали,</p>\r\n <p>Он от поклажи, я же от ходьбы.</p>\r\n\r\n <p>Порой рюкзак, как мягкую подушку,</p>\r\n<p> Укладывая на ночь под себя,</p>\r\n <p>Обнявши, словно милую подружку,</p>\r\n<p> Ему шептал:-Сегодня не судьба.</p>\r\n<p id="dt">1973г.</p>\r\n</div>', 1, 1, 1272093191, 'Создание ссылок и изображений в HTML, тег img и тег a. Также здесь рассматриваются атрибуты этих тегов.', 'ссылки html, изображения html, добавление ссылок html, добавление изображений html'),
(3, 'По-зимнему прозрачный лес', '', '<div id="stix">\r\n<p>По-зимнему прозрачный лес</p>\r\n<p>Укутан звонкой тишиной</p>\r\n<p>Как будто сон упал с небес</p>\r\n<p>Вслед за старушкою зимой.</p>\r\n<p>Укутал землю белым снегом,</p>\r\n<p>Речушки спрятал подо льдом –</p>\r\n<p>Места, где прежде были летом,</p>\r\n<p>Теперь с трудом мы узнаем.</p>\r\n<p>Бежит лыжня неторопливо;</p>\r\n<p>С горы, на гору, снова вниз.</p>\r\n<p>В лесу зимою так красиво –</p>\r\n<p>Ты только лучше приглядись.</p>\r\n<p>Не торопись, махнув рукой,</p>\r\n<p>Бежать в трехкомнатный уют,</p>\r\n<p>А лучше поезжай со мной</p>\r\n<p>Туда, где гимн снега поют.</p>\r\n<p>Мы на снегу костер разложим</p>\r\n<p>И грея руки над огнем,</p>\r\n<p>Тепло что стало нам дороже</p>\r\n<p>Мы доброй чаркой помянем.</p><p id="dt">1973г.</p></div>\r\n <p id="data">Далее ... </p>', '<div id="stix">\r\n<p id="zv">* * *</p>\r\n<p>По-зимнему прозрачный лес</p>\r\n<p>Укутан звонкой тишиной</p>\r\n<p>Как будто сон упал с небес</p>\r\n<p>Вслед за старушкою зимой.</p>\r\n<p>Укутал землю белым снегом,</p>\r\n<p>Речушки спрятал подо льдом –</p>\r\n<p>Места, где прежде были летом,</p>\r\n<p>Теперь с трудом мы узнаем.</p>\r\n<p>Бежит лыжня неторопливо;</p>\r\n<p>С горы, на гору, снова вниз.</p>\r\n<p>В лесу зимою так красиво –</p>\r\n<p>Ты только лучше приглядись.</p>\r\n<p>Не торопись, махнув рукой,</p>\r\n<p>Бежать в трехкомнатный уют,</p>\r\n<p>А лучше поезжай со мной</p>\r\n<p>Туда, где гимн снега поют.</p>\r\n<p>Мы на снегу костер разложим</p>\r\n<p>И грея руки над огнем,</p>\r\n<p>Тепло что стало нам дороже</p>\r\n<p>Мы доброй чаркой помянем.</p><p id="dt">1973г.</p></div>', 1, 2, 1279562836, 'Статья о синтаксисе каскадных таблиц стилей - CSS.', 'синтаксис css, синтаксис языка css'),
(15, 'Хозяин. Таежная побасенка', '', '<p id="text">Что человек без царя в голове, что дом без хозяина. Стоит изба, печь дымит, из одной щели дует – в другую выдувает, стены перекошены и если бы не соседский плетень \r\nзавалилась бы хибара горькой пьяницей в глубокую лужу под самыми окнами. Хорошего хозяина по подворью видно: и забор, как гвардейский строй, и дом залюбуешься; \r\nставенки наличники, крылечко – все резное, даже красавец петух и тот самый голосистый на околице. А иная бестолочь затеет перестройку с преобразованиями, \r\nда таких дров наломает, что по осени во дворе ни одного полена не найдешь, ни клочка сена не сыщешь и оставшаяся живность (кот с собакой) с голодухи по ближним и\r\n дальним задворкам разбегутся.На производстве тоже – толкового руководителя «Хозяином» величают. Нет, не за то, что барином ходит, да с подчиненными, как с холопами \r\n обращается, а за то, и налоги у него вовремя уплачены и зарплата в срок выдана, работой да рынком сбыта обеспечено предприятие на годы вперед. Хозяин! Надежно живет.</p>\r\n <p id="data">Далее ... </p>', '<div ><img id="foto-article" src="../images/article/hozain.jpg"/></div>\r\n<p id="text">Что человек без царя в голове, что дом без хозяина. Стоит изба, печь дымит, из одной щели дует – в другую выдувает, стены перекошены и если бы не соседский плетень завалилась бы хибара горькой пьяницей в глубокую лужу под самыми окнами. \r\nХорошего хозяина по подворью видно: и забор, как гвардейский строй, и дом залюбуешься; ставенки наличники, крылечко – все резное, даже красавец петух и тот самый голосистый на околице. А иная бестолочь затеет перестройку с преобразованиями, да таких дров наломает, что по осени во дворе ни одного полена не найдешь, ни клочка сена не сыщешь и оставшаяся живность (кот с собакой) с голодухи по ближним и дальним задворкам разбегутся.\r\nНа производстве тоже – толкового руководителя «Хозяином» величают. Нет, не за то, что барином ходит, да с подчиненными, как с холопами обращается, а за то, и налоги у него вовремя уплачены и зарплата в срок выдана, работой да рынком сбыта обеспечено предприятие на годы вперед. Хозяин! Надежно живет.\r\n</p>\r\n<p id="text">\r\nНельзя и в тайге без хозяина. Как его только не дразнят; то «Топтыгин», то «Косолапый», слышал даже такое выражение «мужик босолапый». Но и без него никак нельзя. Ведь людишки последний божий страх перед тайгой потеряют, а с совестью у них давно напряженка. Прошу прощения у присутствующих, это не их касается.\r\nЕсть у меня друг – Владимир Сергеевич. Ну допустим это он на службе, да в поселке Владимир Сергеевич, а в тайге, как в бане – без чинов, в тайге одного Михайло Потапыча по имени-отчеству величают и то пока шкуру не спустят. Остальные все Вити да Сани. У кого глаз зорче, рука тверже – тот и пан, тому и фарт. Срубил Володя с мужиками зимовье в тайге. Ладное зимовье; Листвянки в основание чуть ли не в охват скатали, из сухостоя – рубили, аж в спину отдавало, мхом хорошо простлали да протыкали. И место прекрасное – в распадочке под увальчиком на солнцепеке, а не в каком ни будь сивере, где солнце отродясь не бывало. Молодой листвяничек прикрывает, в двадцати метрах пройдешь не заметишь. Дверью на юг, оконца на запад и на восток – зимой хоть маленький лучик солнышка в зимовье заскочит, а все веселее. Вот только кто сказал, что хозяин зимовья охотник? Он в зимовье скоком да наскоком, неделю живет – две нет. Зимовье же без хозяина не может. Кто в нем только не пытается хозяйничать, всякой твари по паре. Попадется хороший хозяин, так для него и дверь в зимовье не закрывается, а наоборот поленце под порожек подкладывается, что бы она случайно ветром не захлопнулась. \r\nСохотился как-то Володя – инжигашку (козла сеголетку) подстрелил, лопатки, стегошки в рюкзак – детишек подкормить, печенку подморозил да в пакет – уж больно его благоверная строганину из нее любит, не принесешь, так хоть свою выкладывай. Ребра, шеину, сложивши в мешок, на лесину подвесил. Долго ли, коротко ли дома был, снова в тайгу собрался. (Время трудное было, ГОК стоял, одной тайгой многие тогда и выживали.) Прихватил дома чаю, соли, сухарей, сахарку да табачку побольше и подался не торопясь. К зимовью-то не торопясь подходят да и вокруг лишнего не шебуршат, а для этого все заранее подготовлено; и дровишки наколоты и лучинка нащипана и полный котелок льда с ключа в прошлый раз набит. Затопил Володя печку. Поставил котелок со льдом, а сам к мешку на дереве. Надо было видеть его негодование. В мешке дыра, на дне косточки, дочиста обглоданные и в качестве расписки – помет колонка.\r\n</p>\r\n<p id="text">\r\n– Ах ты, хорек вонючий! Глиста меховая! Ну, попадешься, всю шерсть по волоску на кисточки выщиплю. Семь шкур спущу и китайцам на шапки продам. \r\nЭто еще самые мягкие ругательства и угрозы, которые обрушились на голову бедной зверюшки. Конечно, в зимовье и без козлятинки были запасы и из жиров не только одна соль, как порой бывает, но всю ночь снились ему нежные, мяконькие хрящеватые ребрышки инжигана. Утром на спасительницу гоковского поселка – перловую кашу в железных банках смотреть не смог. Почаевал с сухим «Ролотоном» вместо галет, закусил для смазки кусочком копченого сала и, забросив в рюкзак консервированную «шрапнель с мясом» (на всякий случай), отправился обходить свои угодья. По какой-то причине откочевал зверь, да и день выдался дюже морозный – шабор за версту слышно, шаг ступил скрип эхом от соседней сопки возвращается. Так что оборали пару раз его чуткие козлы, обругали как хотели на своем гураньем языке, а он их и в глаза не видел, как не видел и свежих следов красного зверя – изюбря или сохатого. Откочевали. Вот уже и солнце на вторую половину перевалило. Ушел далековато, до другого зимовья ближе, на него и утопал. На следующий день выпас по утру на мари козлуху и домой, лицензия то, одна. \r\nВскоре совпали выходные у друзей-приятелей, есть лицензия на изюбря и на лося. Как же, усидишь тут дома? Да еще сроки подпирают.\r\nТихой сапой подходили к зимовью. По пути свежие звериные следы пересекли, значит здесь они, где-то рядом. Подходим, а перед нами по поляне заскакал рыжий плут. Шерсть у него желтоватая с красным отливом, тело гибкое длинное, передние лапки чуть короче задних и. кажется, он горбится немного, испуганно прижимая хитрую мордашку к земле. Метнулся, туда-сюда и в двери зимовья шмыг. Попался шельмец. Володя первый заскочил в зимовье - взыграло ретивое, припомнилась обида. Только нет нигде колонка. Под нарами пусто, на нарах пусто, по углам, на матице – нет его. Ушел. Но как? Стой! Где-то заурчал, где-то шарчит? Вот он. У печки дверца приоткрыта, в глуби, в темноте глаза угольками светятся, бусинка носа поблескивает. Закрыл Володя дверку. Схватил полено и по печке. Гул по избе. Ошалел колонок, крутанулся по печке, но один свет в оконце – рванулся в трубу. Немного не дотянул, оборвался, шлепнулся в золу. А Володя второй раз, да по боковине, что бы звонче было. Как снаряд из дула пушки выкинуло зверька из трубы. Черный, обалдевший от гула в ушах, упал он на белоснежную крышу. Потряс оглоушенной головенкой, кувырком скатился на поляну и чертенком, оставляя за собой на снегу грязные кляксы, рванул когти в густой мелкий листвяник. Долго заходились мы хохотом. До слез, до боли в затылке насмеялся в этот вечер Володя – знатно отомстил!\r\n</p>\r\n<p id="text">\r\nНатопили печку. Прогрели зимовье. Почаевали. Хорошо переночевали.\r\nВот только к утру стали мыши по углам попискивать.\r\nЦелый день проходили, Проохотились. И звери здесь, а скараулить не получается. Крутят сиверами. Даже Виктор на что фартовый охотник, выдел их один раз. Стрелял, да то ли пуля ветку цапанула, то ли обвысил – ушел зверь. К вечеру едва ноги таскали по снегу, ни живые ни мертвые добрались до зимовья. Почаевали тем, что из дому захватили, подбросили пару толстых сырых поленьев, трубу прикрыли и на боковую. Но какой тут сон? Со всей округи на тепло и крошки с барского стола сбежались мыши. Только задули мы моргасик (коптилку), писк по углам, словно свадьбу играть собрались проклятые. По нарам, по головам галопом бегают. Зажгли моргасик – они под нары. Покурили. Загасили – тоже да по тому же. Промаялись мы ночь. Новый день вчерашний повторяет. То ли звери шибко умные, то ли мы не очень, но опять вернулись в зимовье не солоно хлебавши. Так дальше пойдет и соль за жир сойдет, на горбушку да с кипяточком – вкусно. А мыши, которые со всей округи и всю прошлую ночь веселились, видно еще и из соседних окрестностей родню пригласили. Им уже и моргасик нипочем, на свету туда сюда шмыгают, того и гляди последний сухарь изо рта выдернут. Легли спать, так они давай с голодухи всю свою родню нами угощать и так больно - то за пятку, то за палец. Не было никогда такого? Откуда такая напасть? И тут до нас дошло! Не просто колонка Володя шуганул. А самого хозяина из зимовья выжил. От того и обнаглели мыши, что некому их гонять. Моргасик зажжем и с опорками да рогаткой (резинку из трусов выдернули) на мышей охотимся, погасим – они на нас. Кое-как переночевали. \r\nНа третий день добыли быка. Красавец. Рога от кончика до кончика поболее аршина да о девяти отростках. Матерый бык.\r\nНо Володя после этой охоты отыскал в чаще нору колонка и не капкан поставил, как собирался, а подбросил потрошков изюбриных да еще от всей души кусочек сала домашнего. И теперь каждый раз после охоты, каких ни будь косточек да положит хозяину. Задабривает!\r\nА что, мужики? Прав он, нельзя обижать хозяина. Без хозяина обнаглеет всякая мелочь мышастая да вороватая, не только припасы по своим закромам растащит, чего доброго и нас самих до костей обглодает. Берегите, мужики, Хозяина.\r\n</p>', 2, 3, 1293735498, '', ''),
(4, 'Новость3', '', '	<h3>Беларуссия и США</h3>\r\n		<div ><img id="foto" src="../images/article/olen.jpg"/></div>\r\n<p id="text">США считают, что Белоруссии следует провести предстоящие в 2015 году президентские выборы в соответствии со стандартами \r\nБюро ОБСЕ по демократическим институтам и правам человека (БДИПЧ). Этот призыв содержится в заявлении официального представителя\r\n Госдепартамента Джона Кирби по случаю освобождения шестерых белорусских оппозиционеров.</p>\r\n<p id="text">По мнению Кирби, соблюдение Минском международных демократических стандартов будет способствовать дальнейшему\r\n улучшению двусторонних отношений. «Эти шаги укрепят белорусский суверенитет и независимость, которую Соединенные Штаты однозначно \r\n и твердо поддерживает», — подчеркнул он.</p>\r\n		<p id="data">Подробнее...</p>\r\n', '<p id="text">США считают, что Белоруссии следует провести предстоящие в 2015 году президентские выборы в соответствии со стандартами Бюро ОБСЕ по демократическим институтам и правам человека (БДИПЧ). Этот призыв содержится в заявлении официального представителя Госдепартамента Джона Кирби по случаю освобождения шестерых белорусских оппозиционеров.</p>\r\n<p id="text">По мнению Кирби, соблюдение Минском международных демократических стандартов будет способствовать дальнейшему улучшению двусторонних отношений. «Эти шаги укрепят белорусский суверенитет и независимость, которую Соединенные Штаты однозначно и твердо поддерживает», — подчеркнул он.</p>\r\n<p id="text">Как отмечается в заявлении, США приветствуют освобождение из тюрьмы Николая Статкевича, Игоря Олиневича, Николая Дедка, Евгения Васьковича, Артема Прокопенко и Юрия Рубцова.</p>\r\n<p id="text">«Освобождение этих шести политических заключенных является позитивным событием для белорусского народа и важным шагом к нормализации отношений с Соединенными Штатами. Мы повторяем наш призыв к правительству Белоруссии восстановить политические права этих шести и других бывших политзаключенных», — заявил Кирби.</p>\r\n<p id="text">Решение о помиловании Статкевича, отбывавшего шестилетний срок за организацию массовых беспорядков, а также других заключенных принял президент Белоруссии Александр Лукашенко, «исходя из принципа гуманизма».</p>\r\n<p id="text">Президентские выборы, в которых принимал участие оппозиционер, состоялись 19 декабря 2010 года. Вечером того же дня на площади Независимости в Минске началась акция протеста, которая был разогнана силовиками.</p>', 7, 0, 1279565532, 'Новость3', 'Новость3'),
(16, 'Целебная сила тайги', '', '<p id="text">Достал. До печенок, до почечной колики достал меня сосед.  А кому понравится?  Возвращаюсь с работы, а на площадке перед дверью лежит труп со спущенными штанами.  В полумраке подъезда зловеще чернеет лужа крови вокруг седой головы, которой он уперся в соседнюю дверь,\r\n спутанные гачами ноги зависли на последних ступеньках лестницы. </p><p id="data">Далее ... </p>', '<p id="text">Достал. До печенок, до почечной колики достал меня сосед.  А кому понравится?  Возвращаюсь с работы, а на площадке перед дверью лежит труп со спущенными штанами.  В полумраке подъезда зловеще чернеет лужа крови вокруг седой головы, которой он уперся в соседнюю дверь, спутанные гачами ноги зависли на последних ступеньках лестницы. Ни пройти, ни проехать. Хладнокровно перепрыгивать через еще неостывшего покойника вроде не привычно, а домой надо. Перевернул тело на спину. Ба! Так Славка Синицын с пятого этажа.  «Чижик-пыжик, где ты был? На Фонтанке водку пил». Неожиданно еще тепленький труп стал подавать легкие признаки жизни в виде булькающих звуков дыхания с тяжелым мертвящим духом перегара.\r\nОткрылась дверь, и голова Славика с  пустотелым звуком перевалилась через соседский порог. Минут пять препирались с Валеркой то ли добить Шурика, чтобы не мучился, то ли тащить его на пятый этаж. Жара тем летом стояла невероятная, в тени столбик термометра поднялся и замер на отметке сорок без малого градусов.  Истома  обуяла всех и вся. С трудом преодолев свою лень, все же сжалились. Со второй или с третьей попытки удалось нам придать телу вертикальное положение и, поддерживая сваливающиеся штаны с оборванными пуговицами, обливаясь потом, поволокли мы его вверх по лестнице.\r\n  	-Оовв  ууу…. – Вырывалось из его запекшихся уст, и далее следовало, что-то неразборчивое и неудобоваримое в наш адрес и адрес демократов с либералами.\r\n	Ступенька за ступенькой, (на три ступеньки – один  забористый трехэтажный) но все же довели, дотащили мы Славика до его дверей. Нашарили ключи в кармане и уложили в коридоре у порога, но вряд ли и   жена в таком виде пустила бы Славика в супружескую постель.\r\n	Прошло несколько дней. Запои в летние жары быстро заканчиваются; порой исход летальный, порой менее трагический, но более болезненный. Моя  (с большой буквы) помогла Анастасии (жене Славика) отколоть, откапать алкоголика, не позволили несчастной душе оторваться от бренного измученного суррогатами тела. Довела его жара сорокаградусная – до туалета вдоль стеночки с отдышкой,  перекурами и то с чужой помощью. Ослабел. Стакан рассола поднять не может, плеснет на донышко и ладно, а полный от стола не оторвет.\r\n	Вот она жизнь в многоэтажках. Живем в одном подъезде, при встрече здороваемся, а как соседа по имени отчеству величать порой только на поминках и узнаем. Работаем в разных фирмах, интересы почти не пересекаются, гаражи и то в разных кооперативах. У соседок проблем общих больше, встречаются чаще. Если в Советские времена в очереди за колбасой стояли, то и теперь куда ни плюнь везде очередь.  Ныне в РЭСе и сберкассе,  на почте и в МУПе, не говоря про налоговые и пенсионные, пр. и т.п. фонды - очереди, очереди. Что бы стать на очередь и то очередь.  Пока у обслуживающего население персонала два технических перерыва на чаепитье с перерывом на обед не пройдет, никак быстрей не уложишься. Вот и беседуют женщины в полголоса по полдня, сетуют  на свою жизнь бедолажную. Мужики  обычно о футболе, о политике в лучшем случае о любимой машине. А что? Надоела мужику жена, он машину покупает. Ласкает ее, нежит, а демографическая проблема как стояла перед Россией последние двадцать лет, так еще полвека простоит.   Тем временем женщины,  что бы свои кровные государству отдать, от госслужащих чего только не наслушаются.  Сами же о своём - о девичьем; муж, дети, да как до получки дожить, если этот козел половину еще неполученной зарплаты пропить успел. И пьет, и гуляет, порой поколачивает, а другой что лучше будет? Загадки загадывают. Знаете от чего у козы глаза грустные. Правильно, потому что муж – козел. Ну и что? За то - работящий. \r\nПриобрел сосед дачу через забор, стали теперь соседями в квадрате.\r\n   Август. Спадает жара, по утрам холодные росы. В разгаре огуречно - томатная страда. У соседок обмен опытом рецептами, продуктами, специями и секретами. \r\n   	  - Я тебе молодые листочки и корешки с хренова поля, в огурчики для хрусткости, а ты мне белый перец горошком.\r\n   	  - Ты попробуй в этот рецепт мускатный орех с горчицей добавь, а эссенцию разбавь спиртом.\r\nОдним словом изгаляются над овощами и фруктами как хотят. Извращенки. Эксперименты над мужьями проводят, если через три дня не помер, то рецепт удачный,  можно гостям и детям подавать. \r\nКартошку выкопали, облепиху ободрали. Черная земля на участке, да пожухлые желтые травы под серым небом. Тоскливо стало на дачах. Жен туда и баней не заманишь. А у мужиков работы  невпроворот. Кто стучит – теплицу ладит, кто забор правит, кто канаву оросительную прокапывает, подчищает, смородину-малину пригибает. В одиночку, какая работа? Не бревно поднять, ни доску подержать. Свистнешь соседу, или на его просьбу отзовешься.  Пот совместно  пролитый, не кровь, но на вес подороже соли будет. Соль пудами, пот каплями. Подсобишь, посидишь отдышишься, за жизнь перебросишься. Совета спросишь,  что сам посоветуешь. Идет время; облетел лист с берез, посыпалась мелкая желтая хвоя с листвянок. Уже без приглашения  заглянет к тебе сосед или ты к нему;  у теплой печки покурить или чайку пошвыркать.\r\n Все,  шабаш. Полетели  белые мухи. Выкручены из патронов лампочки,  двери дачи на загнутый гвоздик, чтобы под ветром не хлопали. От бичей никакие замки не спасут, еще хуже будет; со зла окна выбьют, двери вывернут. Взять нечего – все доброе вывезено, так напакостят, как хорьки. Так что - на гвоздик.  Прощай дача. До весны.\r\n   	Доброе знакомство не рвется, перерастает в дружбу. Стал сосед в гости и дома заглядывать. Сидит. Курит, Смотрит, как я снасти на охоту налаживаю, ичиги подшиваю.  Морщится; толи от слов моих, толи от дыма сигаретного\r\n</p>\r\n<p id="text">Достал. До печенок, до почечной колики достал меня сосед.  А кому понравится?  Возвращаюсь с работы, а на площадке перед дверью лежит труп со спущенными штанами.  В полумраке подъезда зловеще чернеет лужа крови вокруг седой головы, которой он уперся в соседнюю дверь, спутанные гачами ноги зависли на последних ступеньках лестницы. Ни пройти, ни проехать. Хладнокровно перепрыгивать через еще неостывшего покойника вроде не привычно, а домой надо. Перевернул тело на спину. Ба! Так Славка Синицын с пятого этажа.  «Чижик-пыжик, где ты был? На Фонтанке водку пил». Неожиданно еще тепленький труп стал подавать легкие признаки жизни в виде булькающих звуков дыхания с тяжелым мертвящим духом перегара.\r\nОткрылась дверь, и голова Славика с  пустотелым звуком перевалилась через соседский порог. Минут пять препирались с Валеркой то ли добить Шурика, чтобы не мучился, то ли тащить его на пятый этаж. Жара тем летом стояла невероятная, в тени столбик термометра поднялся и замер на отметке сорок без малого градусов.  Истома  обуяла всех и вся. С трудом преодолев свою лень, все же сжалились. Со второй или с третьей попытки удалось нам придать телу вертикальное положение и, поддерживая сваливающиеся штаны с оборванными пуговицами, обливаясь потом, поволокли мы его вверх по лестнице.\r\n  	-Оовв  ууу…. – Вырывалось из его запекшихся уст, и далее следовало, что-то неразборчивое и неудобоваримое в наш адрес и адрес демократов с либералами.\r\n	Ступенька за ступенькой, (на три ступеньки – один  забористый трехэтажный) но все же довели, дотащили мы Славика до его дверей. Нашарили ключи в кармане и уложили в коридоре у порога, но вряд ли и   жена в таком виде пустила бы Славика в супружескую постель.\r\n	Прошло несколько дней. Запои в летние жары быстро заканчиваются; порой исход летальный, порой менее трагический, но более болезненный. Моя  (с большой буквы) помогла Анастасии (жене Славика) отколоть, откапать алкоголика, не позволили несчастной душе оторваться от бренного измученного суррогатами тела. Довела его жара сорокаградусная – до туалета вдоль стеночки с отдышкой,  перекурами и то с чужой помощью. Ослабел. Стакан рассола поднять не может, плеснет на донышко и ладно, а полный от стола не оторвет.\r\n	Вот она жизнь в многоэтажках. Живем в одном подъезде, при встрече здороваемся, а как соседа по имени отчеству величать порой только на поминках и узнаем. Работаем в разных фирмах, интересы почти не пересекаются, гаражи и то в разных кооперативах. У соседок проблем общих больше, встречаются чаще. Если в Советские времена в очереди за колбасой стояли, то и теперь куда ни плюнь везде очередь.  Ныне в РЭСе и сберкассе,  на почте и в МУПе, не говоря про налоговые и пенсионные, пр. и т.п. фонды - очереди, очереди. Что бы стать на очередь и то очередь.  Пока у обслуживающего население персонала два технических перерыва на чаепитье с перерывом на обед не пройдет, никак быстрей не уложишься. Вот и беседуют женщины в полголоса по полдня, сетуют  на свою жизнь бедолажную. Мужики  обычно о футболе, о политике в лучшем случае о любимой машине. А что? Надоела мужику жена, он машину покупает. Ласкает ее, нежит, а демографическая проблема как стояла перед Россией последние двадцать лет, так еще полвека простоит.   Тем временем женщины,  что бы свои кровные государству отдать, от госслужащих чего только не наслушаются.  Сами же о своём - о девичьем; муж, дети, да как до получки дожить, если этот козел половину еще неполученной зарплаты пропить успел. И пьет, и гуляет, порой поколачивает, а другой что лучше будет? Загадки загадывают. Знаете от чего у козы глаза грустные. Правильно, потому что муж – козел. Ну и что? За то - работящий. \r\nПриобрел сосед дачу через забор, стали теперь соседями в квадрате.\r\n   Август. Спадает жара, по утрам холодные росы. В разгаре огуречно - томатная страда. У соседок обмен опытом рецептами, продуктами, специями и секретами. \r\n   	  - Я тебе молодые листочки и корешки с хренова поля, в огурчики для хрусткости, а ты мне белый перец горошком.\r\n   	  - Ты попробуй в этот рецепт мускатный орех с горчицей добавь, а эссенцию разбавь спиртом.\r\nОдним словом изгаляются над овощами и фруктами как хотят. Извращенки. Эксперименты над мужьями проводят, если через три дня не помер, то рецепт удачный,  можно гостям и детям подавать. \r\nКартошку выкопали, облепиху ободрали. Черная земля на участке, да пожухлые желтые травы под серым небом. Тоскливо стало на дачах. Жен туда и баней не заманишь. А у мужиков работы  невпроворот. Кто стучит – теплицу ладит, кто забор правит, кто канаву оросительную прокапывает, подчищает, смородину-малину пригибает. В одиночку, какая работа? Не бревно поднять, ни доску подержать. Свистнешь соседу, или на его просьбу отзовешься.  Пот совместно  пролитый, не кровь, но на вес подороже соли будет. Соль пудами, пот каплями. Подсобишь, посидишь отдышишься, за жизнь перебросишься. Совета спросишь,  что сам посоветуешь. Идет время; облетел лист с берез, посыпалась мелкая желтая хвоя с листвянок. Уже без приглашения  заглянет к тебе сосед или ты к нему;  у теплой печки покурить или чайку пошвыркать.\r\n Все,  шабаш. Полетели  белые мухи. Выкручены из патронов лампочки,  двери дачи на загнутый гвоздик, чтобы под ветром не хлопали. От бичей никакие замки не спасут, еще хуже будет; со зла окна выбьют, двери вывернут. Взять нечего – все доброе вывезено, так напакостят, как хорьки. Так что - на гвоздик.  Прощай дача. До весны.\r\n   	Доброе знакомство не рвется, перерастает в дружбу. Стал сосед в гости и дома заглядывать. Сидит. Курит, Смотрит, как я снасти на охоту налаживаю, ичиги подшиваю.  Морщится; толи от слов моих, толи от дыма сигаретного\r\n</p>\r\n<p id="text">Достал. До печенок, до почечной колики достал меня сосед.  А кому понравится?  Возвращаюсь с работы, а на площадке перед дверью лежит труп со спущенными штанами.  В полумраке подъезда зловеще чернеет лужа крови вокруг седой головы, которой он уперся в соседнюю дверь, спутанные гачами ноги зависли на последних ступеньках лестницы. Ни пройти, ни проехать. Хладнокровно перепрыгивать через еще неостывшего покойника вроде не привычно, а домой надо. Перевернул тело на спину. Ба! Так Славка Синицын с пятого этажа.  «Чижик-пыжик, где ты был? На Фонтанке водку пил». Неожиданно еще тепленький труп стал подавать легкие признаки жизни в виде булькающих звуков дыхания с тяжелым мертвящим духом перегара.\r\nОткрылась дверь, и голова Славика с  пустотелым звуком перевалилась через соседский порог. Минут пять препирались с Валеркой то ли добить Шурика, чтобы не мучился, то ли тащить его на пятый этаж. Жара тем летом стояла невероятная, в тени столбик термометра поднялся и замер на отметке сорок без малого градусов.  Истома  обуяла всех и вся. С трудом преодолев свою лень, все же сжалились. Со второй или с третьей попытки удалось нам придать телу вертикальное положение и, поддерживая сваливающиеся штаны с оборванными пуговицами, обливаясь потом, поволокли мы его вверх по лестнице.\r\n  	-Оовв  ууу…. – Вырывалось из его запекшихся уст, и далее следовало, что-то неразборчивое и неудобоваримое в наш адрес и адрес демократов с либералами.\r\n	Ступенька за ступенькой, (на три ступеньки – один  забористый трехэтажный) но все же довели, дотащили мы Славика до его дверей. Нашарили ключи в кармане и уложили в коридоре у порога, но вряд ли и   жена в таком виде пустила бы Славика в супружескую постель.\r\n	Прошло несколько дней. Запои в летние жары быстро заканчиваются; порой исход летальный, порой менее трагический, но более болезненный. Моя  (с большой буквы) помогла Анастасии (жене Славика) отколоть, откапать алкоголика, не позволили несчастной душе оторваться от бренного измученного суррогатами тела. Довела его жара сорокаградусная – до туалета вдоль стеночки с отдышкой,  перекурами и то с чужой помощью. Ослабел. Стакан рассола поднять не может, плеснет на донышко и ладно, а полный от стола не оторвет.\r\n	Вот она жизнь в многоэтажках. Живем в одном подъезде, при встрече здороваемся, а как соседа по имени отчеству величать порой только на поминках и узнаем. Работаем в разных фирмах, интересы почти не пересекаются, гаражи и то в разных кооперативах. У соседок проблем общих больше, встречаются чаще. Если в Советские времена в очереди за колбасой стояли, то и теперь куда ни плюнь везде очередь.  Ныне в РЭСе и сберкассе,  на почте и в МУПе, не говоря про налоговые и пенсионные, пр. и т.п. фонды - очереди, очереди. Что бы стать на очередь и то очередь.  Пока у обслуживающего население персонала два технических перерыва на чаепитье с перерывом на обед не пройдет, никак быстрей не уложишься. Вот и беседуют женщины в полголоса по полдня, сетуют  на свою жизнь бедолажную. Мужики  обычно о футболе, о политике в лучшем случае о любимой машине. А что? Надоела мужику жена, он машину покупает. Ласкает ее, нежит, а демографическая проблема как стояла перед Россией последние двадцать лет, так еще полвека простоит.   Тем временем женщины,  что бы свои кровные государству отдать, от госслужащих чего только не наслушаются.  Сами же о своём - о девичьем; муж, дети, да как до получки дожить, если этот козел половину еще неполученной зарплаты пропить успел. И пьет, и гуляет, порой поколачивает, а другой что лучше будет? Загадки загадывают. Знаете от чего у козы глаза грустные. Правильно, потому что муж – козел. Ну и что? За то - работящий. \r\nПриобрел сосед дачу через забор, стали теперь соседями в квадрате.\r\n   Август. Спадает жара, по утрам холодные росы. В разгаре огуречно - томатная страда. У соседок обмен опытом рецептами, продуктами, специями и секретами. \r\n   	  - Я тебе молодые листочки и корешки с хренова поля, в огурчики для хрусткости, а ты мне белый перец горошком.\r\n   	  - Ты попробуй в этот рецепт мускатный орех с горчицей добавь, а эссенцию разбавь спиртом.\r\nОдним словом изгаляются над овощами и фруктами как хотят. Извращенки. Эксперименты над мужьями проводят, если через три дня не помер, то рецепт удачный,  можно гостям и детям подавать. \r\nКартошку выкопали, облепиху ободрали. Черная земля на участке, да пожухлые желтые травы под серым небом. Тоскливо стало на дачах. Жен туда и баней не заманишь. А у мужиков работы  невпроворот. Кто стучит – теплицу ладит, кто забор правит, кто канаву оросительную прокапывает, подчищает, смородину-малину пригибает. В одиночку, какая работа? Не бревно поднять, ни доску подержать. Свистнешь соседу, или на его просьбу отзовешься.  Пот совместно  пролитый, не кровь, но на вес подороже соли будет. Соль пудами, пот каплями. Подсобишь, посидишь отдышишься, за жизнь перебросишься. Совета спросишь,  что сам посоветуешь. Идет время; облетел лист с берез, посыпалась мелкая желтая хвоя с листвянок. Уже без приглашения  заглянет к тебе сосед или ты к нему;  у теплой печки покурить или чайку пошвыркать.\r\n Все,  шабаш. Полетели  белые мухи. Выкручены из патронов лампочки,  двери дачи на загнутый гвоздик, чтобы под ветром не хлопали. От бичей никакие замки не спасут, еще хуже будет; со зла окна выбьют, двери вывернут. Взять нечего – все доброе вывезено, так напакостят, как хорьки. Так что - на гвоздик.  Прощай дача. До весны.\r\n   	Доброе знакомство не рвется, перерастает в дружбу. Стал сосед в гости и дома заглядывать. Сидит. Курит, Смотрит, как я снасти на охоту налаживаю, ичиги подшиваю.  Морщится; толи от слов моих, толи от дыма сигаретного\r\n</p>\r\n<p id="text">Достал. До печенок, до почечной колики достал меня сосед.  А кому понравится?  Возвращаюсь с работы, а на площадке перед дверью лежит труп со спущенными штанами.  В полумраке подъезда зловеще чернеет лужа крови вокруг седой головы, которой он уперся в соседнюю дверь, спутанные гачами ноги зависли на последних ступеньках лестницы. Ни пройти, ни проехать. Хладнокровно перепрыгивать через еще неостывшего покойника вроде не привычно, а домой надо. Перевернул тело на спину. Ба! Так Славка Синицын с пятого этажа.  «Чижик-пыжик, где ты был? На Фонтанке водку пил». Неожиданно еще тепленький труп стал подавать легкие признаки жизни в виде булькающих звуков дыхания с тяжелым мертвящим духом перегара.\r\nОткрылась дверь, и голова Славика с  пустотелым звуком перевалилась через соседский порог. Минут пять препирались с Валеркой то ли добить Шурика, чтобы не мучился, то ли тащить его на пятый этаж. Жара тем летом стояла невероятная, в тени столбик термометра поднялся и замер на отметке сорок без малого градусов.  Истома  обуяла всех и вся. С трудом преодолев свою лень, все же сжалились. Со второй или с третьей попытки удалось нам придать телу вертикальное положение и, поддерживая сваливающиеся штаны с оборванными пуговицами, обливаясь потом, поволокли мы его вверх по лестнице.\r\n  	-Оовв  ууу…. – Вырывалось из его запекшихся уст, и далее следовало, что-то неразборчивое и неудобоваримое в наш адрес и адрес демократов с либералами.\r\n	Ступенька за ступенькой, (на три ступеньки – один  забористый трехэтажный) но все же довели, дотащили мы Славика до его дверей. Нашарили ключи в кармане и уложили в коридоре у порога, но вряд ли и   жена в таком виде пустила бы Славика в супружескую постель.\r\n	Прошло несколько дней. Запои в летние жары быстро заканчиваются; порой исход летальный, порой менее трагический, но более болезненный. Моя  (с большой буквы) помогла Анастасии (жене Славика) отколоть, откапать алкоголика, не позволили несчастной душе оторваться от бренного измученного суррогатами тела. Довела его жара сорокаградусная – до туалета вдоль стеночки с отдышкой,  перекурами и то с чужой помощью. Ослабел. Стакан рассола поднять не может, плеснет на донышко и ладно, а полный от стола не оторвет.\r\n	Вот она жизнь в многоэтажках. Живем в одном подъезде, при встрече здороваемся, а как соседа по имени отчеству величать порой только на поминках и узнаем. Работаем в разных фирмах, интересы почти не пересекаются, гаражи и то в разных кооперативах. У соседок проблем общих больше, встречаются чаще. Если в Советские времена в очереди за колбасой стояли, то и теперь куда ни плюнь везде очередь.  Ныне в РЭСе и сберкассе,  на почте и в МУПе, не говоря про налоговые и пенсионные, пр. и т.п. фонды - очереди, очереди. Что бы стать на очередь и то очередь.  Пока у обслуживающего население персонала два технических перерыва на чаепитье с перерывом на обед не пройдет, никак быстрей не уложишься. Вот и беседуют женщины в полголоса по полдня, сетуют  на свою жизнь бедолажную. Мужики  обычно о футболе, о политике в лучшем случае о любимой машине. А что? Надоела мужику жена, он машину покупает. Ласкает ее, нежит, а демографическая проблема как стояла перед Россией последние двадцать лет, так еще полвека простоит.   Тем временем женщины,  что бы свои кровные государству отдать, от госслужащих чего только не наслушаются.  Сами же о своём - о девичьем; муж, дети, да как до получки дожить, если этот козел половину еще неполученной зарплаты пропить успел. И пьет, и гуляет, порой поколачивает, а другой что лучше будет? Загадки загадывают. Знаете от чего у козы глаза грустные. Правильно, потому что муж – козел. Ну и что? За то - работящий. \r\nПриобрел сосед дачу через забор, стали теперь соседями в квадрате.\r\n   Август. Спадает жара, по утрам холодные росы. В разгаре огуречно - томатная страда. У соседок обмен опытом рецептами, продуктами, специями и секретами. \r\n   	  - Я тебе молодые листочки и корешки с хренова поля, в огурчики для хрусткости, а ты мне белый перец горошком.\r\n   	  - Ты попробуй в этот рецепт мускатный орех с горчицей добавь, а эссенцию разбавь спиртом.\r\nОдним словом изгаляются над овощами и фруктами как хотят. Извращенки. Эксперименты над мужьями проводят, если через три дня не помер, то рецепт удачный,  можно гостям и детям подавать. \r\nКартошку выкопали, облепиху ободрали. Черная земля на участке, да пожухлые желтые травы под серым небом. Тоскливо стало на дачах. Жен туда и баней не заманишь. А у мужиков работы  невпроворот. Кто стучит – теплицу ладит, кто забор правит, кто канаву оросительную прокапывает, подчищает, смородину-малину пригибает. В одиночку, какая работа? Не бревно поднять, ни доску подержать. Свистнешь соседу, или на его просьбу отзовешься.  Пот совместно  пролитый, не кровь, но на вес подороже соли будет. Соль пудами, пот каплями. Подсобишь, посидишь отдышишься, за жизнь перебросишься. Совета спросишь,  что сам посоветуешь. Идет время; облетел лист с берез, посыпалась мелкая желтая хвоя с листвянок. Уже без приглашения  заглянет к тебе сосед или ты к нему;  у теплой печки покурить или чайку пошвыркать.\r\n Все,  шабаш. Полетели  белые мухи. Выкручены из патронов лампочки,  двери дачи на загнутый гвоздик, чтобы под ветром не хлопали. От бичей никакие замки не спасут, еще хуже будет; со зла окна выбьют, двери вывернут. Взять нечего – все доброе вывезено, так напакостят, как хорьки. Так что - на гвоздик.  Прощай дача. До весны.\r\n   	Доброе знакомство не рвется, перерастает в дружбу. Стал сосед в гости и дома заглядывать. Сидит. Курит, Смотрит, как я снасти на охоту налаживаю, ичиги подшиваю.  Морщится; толи от слов моих, толи от дыма сигаретного\r\n</p>', 2, 3, 1293735498, '', '');
INSERT INTO `xyz_articles` (`id`, `title`, `img`, `intro`, `full`, `section_id`, `cat_id`, `date`, `meta_desc`, `meta_key`) VALUES
(10, 'Жарки-выпуск №1', '', '<div ><img id="foto" src="../images/garci/garci4.jpg"/></div>\r\n <p id="text">Причиной создания Литературно – творческого клуба «Жарки» в Жирекене, стал праздник «Забайкальская осень» на жирекенской земле.\r\n11 ноября 2012 года на заседании Литературно-творческого клуба «Жарки» было решено выпустить первый Альманах жирекенских авторов.  За спонсорской помощью обратились к Администрации поселения «Жирекенское» и ОАО «Жирекенский ГОК».\r\nНельзя и в тайге без хозяина. Как его только не дразнят; то «Топтыгин», то «Косолапый», слышал даже такое выражение «мужик босолапый». Но и без него никак нельзя. Ведь людишки последний божий страх перед тайгой потеряют, а с совестью у них давно напряженка. Прошу прощения у присутствующих, это не их касается.\r\n\r\n</p>\r\n<p id="data">Подробнее...</p>', '	<h4>Первое правило клуба - никому не говорить о существовании клуба</h4>\r\n	<div ><img id="foto-article" src="../images/garci/garci_sostav.jpg"/></div>\r\n	    <p id="text">Причиной создания Литературно – творческого клуба «Жарки» в Жирекене, стал праздник «Забайкальская осень» на жирекенской земле.\r\n11 ноября 2012 года на заседании Литературно-творческого клуба «Жарки» было решено выпустить первый Альманах жирекенских авторов.  За спонсорской помощью обратились к Администрации поселения «Жирекенское» и ОАО «Жирекенский ГОК».\r\nНельзя и в тайге без хозяина. Как его только не дразнят; то «Топтыгин», то «Косолапый», слышал даже такое выражение «мужик босолапый». Но и без него никак нельзя. Ведь людишки последний божий страх перед тайгой потеряют, а с совестью у них давно напряженка. Прошу прощения у присутствующих, это не их касается.\r\nЕсть у меня друг – Владимир Сергеевич. Ну допустим это он на службе, да в поселке Владимир Сергеевич, а в тайге, как в бане – без чинов, в тайге одного Михайло Потапыча по имени-отчеству величают и то пока шкуру не спустят. Остальные все Вити да Сани. У кого глаз зорче, рука тверже – тот и пан, тому и фарт. Срубил Володя с мужиками зимовье в тайге. Ладное зимовье; Листвянки в основание чуть ли не в охват скатали, из сухостоя – рубили, аж в спину отдавало, мхом хорошо простлали да протыкали. И место прекрасное – в распадочке под увальчиком на солнцепеке, а не в каком ни будь сивере, где солнце отродясь не бывало. Молодой листвяничек прикрывает, в двадцати метрах пройдешь не заметишь. Дверью на юг, оконца на запад и на восток – зимой хоть маленький лучик солнышка в зимовье заскочит, а все веселее. Вот только кто сказал, что хозяин зимовья охотник? Он в зимовье скоком да наскоком, неделю живет – две нет. Зимовье же без хозяина не может. Кто в нем только не пытается хозяйничать, всякой твари по паре. Попадется хороший хозяин, так для него и дверь в зимовье не закрывается, а наоборот поленце под порожек подкладывается, что бы она случайно ветром не захлопнулась. \r\nСохотился как-то Володя – инжигашку (козла сеголетку) подстрелил, лопатки, стегошки в рюкзак – детишек подкормить, печенку подморози\r\n</p>\r\n<p id="subtitle-article">Наши авторы</p>\r\n<h5>БЕЛОМЕСТНОВА ГАЛИНА АЛЕКСЕЕВНА </h5>\r\n<div ><img id="foto-article" src="../images/garci/belomestnova.jpg"/></div>\r\n<p id="text">Родилась в городе Балее, Читинской области. Окончила  медицинское училище. Много лет работала в г. Нерчинске, в хирурги. В 1986г. переехала в п.г.т. Жирекен. В 90-е годы жила и  работала в г. Чита. В 2001 году  ушла с медицинской работы и вернулась в Жирекен, где занялась предпринимательской деятельностью.  \r\n В январе 2011года вышла книга   «Тайна зачарованной земли» и сборник рассказов «Камарья».  \r\n  Участвовала в  конкурсе «Галактический сезон 2011».  Получила диплом за первое место в номинации «Легенды, \r\n были, сказы», третье место в общеконкурсном соревновании, и публикация в сборнике «Галактический конкурс 2011 - час Кота».  \r\n Публикации в журнале «Слово Забайкалья», «Литературная Галактика».  В августе 2012г. за участие в конкурсе «Новая литература \r\n Забайкалья», в номинации «Авторский дебют» получила диплом лауреата за занятое первое место и публикацией рассказов в журнале\r\n «Слово Забайкалья»,член «Русского литературного клуба».\r\n  Публикации в журнале «Слово Забайкалья», «Литературная Галактика».  В августе 2012г. за участие в конкурсе «Новая литература \r\n Забайкалья», в номинации «Авторский дебют» получила диплом лауреата за занятое первое место и публикацией рассказов в журнале\r\n «Слово Забайкалья»,член «Русского литературного клуба».\r\n</p>\r\n<h5>ДАНИЛА КОНДРАТЬЕВ</h5>\r\n<div ><img id="foto-article" src="../images/garci/condrat.jpg"/></div>\r\n<p id="text"> Родился в шахтёрском посёлке Букачача, с 18 лет работал на шахте. В 1983г переехал в Жирекен на комсомольско-молодёжную стройку.\r\nСтроил посёлок, в котором проживает и сейчас. Имеет множество проффесий, основная шахтёр. Напечатана повесть «Дежавю на диком востоке», пишет стихи, рассказы. Родился в шахтёрском посёлке Букачача, с 18 лет работал на шахте. В 1983г переехал в Жирекен на комсомольско-молодёжную стройку.\r\nСтроил посёлок, в котором проживает и сейчас. Имеет множество проффесий, основная шахтёр. Напечатана повесть «Дежавю на диком востоке», пишет стихи, рассказы.\r\n Родился в шахтёрском посёлке Букачача, с 18 лет работал на шахте. В 1983г переехал в Жирекен на комсомольско-молодёжную стройку.\r\nСтроил посёлок, в котором проживает и сейчас. Имеет множество проффесий, основная шахтёр. Напечатана повесть «Дежавю на диком востоке», пишет стихи, рассказы.\r\n</p>\r\n<h5>БЕЗЗУБЦЕВА  ЮЛИЯ</h5>\r\n<div ><img id="foto-article" src="../images/garci/bezuceva.jpg"/></div>\r\n<p id="text">\r\nРодилась 4 ноября 1995 года в посёлке Могзон. Проживала там до 2008 года. Училась в школе № 23, занималась пением  в доме культуры.\r\n С семи лет пела в детской вокальной группе. В ноябре 2008 года семья переехала в посёлок Жирекен. Сейчас учится в МОУСОШ п. Жирекен\r\n в 11 «А» классе. Поэзией увлекается с детства. После того, как в шестом классе прочитала творчество Марины Цветаевой, начала писать стихи и песни\r\nРодилась 4 ноября 1995 года в посёлке Могзон. Проживала там до 2008 года. Училась в школе № 23, занималась пением  в доме культуры.\r\n С семи лет пела в детской вокальной группе. В ноябре 2008 года семья переехала в посёлок Жирекен. Сейчас учится в МОУСОШ п. Жирекен\r\n в 11 «А» классе. Поэзией увлекается с детства. После того, как в шестом классе прочитала творчество Марины Цветаевой, начала писать стихи и песни\r\n Родилась 4 ноября 1995 года в посёлке Могзон. Проживала там до 2008 года. Училась в школе № 23, занималась пением  в доме культуры.\r\n С семи лет пела в детской вокальной группе. В ноябре 2008 года семья переехала в посёлок Жирекен. Сейчас учится в МОУСОШ п. Жирекен\r\n в 11 «А» классе. Поэзией увлекается с детства. После того, как в шестом классе прочитала творчество Марины Цветаевой, начала писать стихи и песни\r\n </p>\r\n<h5>ВЕЛИКАЯ ЛЮБОВЬ ТРОФИМОВНА </h5>\r\n<div ><img id="foto-article" src="../images/garci/velikaia.jpg"/></div>\r\n<p id="text">\r\nп. Жирекен, пенсионерка, продолжает работать в ОАО «Жирекенское ЖКХ»***Люблю родное Забайкалье!Пусть песни о тебе поют.Твои широкие просторыЗдесь люди добрые живут.Я помню с детства запах хлеба,Как дым над крышами плывёт…\r\nп. Жирекен, пенсионерка, продолжает работать в ОАО «Жирекенское ЖКХ»***Люблю родное Забайкалье!Пусть песни о тебе поют.Твои широкие просторыЗдесь люди добрые живут.Я помню с детства запах хлеба,Как дым над крышами плывёт…\r\nп. Жирекен, пенсионерка, продолжает работать в ОАО «Жирекенское ЖКХ»***Люблю родное Забайкалье!Пусть песни о тебе поют.Твои широкие просторыЗдесь люди добрые живут.Я помню с детства запах хлеба,Как дым над крышами плывёт…\r\nп. Жирекен, пенсионерка, продолжает работать в ОАО «Жирекенское ЖКХ»***Люблю родное Забайкалье!Пусть песни о тебе поют.Твои широкие просторыЗдесь люди добрые живут.Я помню с детства запах хлеба,Как дым над крышами плывёт…\r\nп. Жирекен, пенсионерка, продолжает работать в ОАО «Жирекенское ЖКХ»\r\n<h5>НИЗКОВСКИХ ТАТЬЯНА</h5>\r\n<div ><img id="foto-article" src="../images/garci/nizkovskaia.jpg"/></div>\r\n<p id="text">\r\nп. Жирекен Чернышевский район. Забайкальский крайв 2011г окончила МОУ СОШ п. Жирикен,\r\nУчится в Читинском Г.У.***Что значит мир перечеркнуть?Большою жирною чертою!?То значит жизнь перечеркнуть!Убить любовь с мечтою!\r\nЧто значит мир перечеркнуть!?Справа на лево по диагонали!?То значит жизнь перевернуть!Убить тепло, оставив лишь метели! \r\nЧто значит мир перечеркнуть?Убить в себе все чувства!?Всё худшее перечеркнуть!Оставить всё, что лучше!\r\nп. Жирекен Чернышевский район. Забайкальский крайв 2011г окончила МОУ СОШ п. Жирикен,Учится в Читинском Г.У.***\r\nЧто значит мир перечеркнуть?Большою жирною чертою!?То значит жизнь перечеркнуть!Убить любовь с мечтою!Что значит мир перечеркнуть!?\r\nСправа на лево по диагонали!?То значит жизнь перевернуть!Убить тепло, оставив лишь метели! Что значит мир перечеркнуть?Убить в себе все чувства!?\r\nВсё худшее перечеркнуть!Оставить всё, что лучше!\r\nп. Жирекен Чернышевский район. Забайкальский крайв 2011г окончила МОУ СОШ п. Жирикен,\r\nУчится в Читинском Г.У.\r\n</p>', 3, 0, 1293735498, 'Жарки', 'Жарки'),
(17, 'Беглец', '', '<div id="stix">\r\n<p>-Теща, плюнь мне  на спину и размажь.</p>\r\n<p>- Все зятек, допил, крыша поехала?</p>\r\n<p>- Нет, радикулит замучил, доктор сказал змеиным ядом притирать.</p>\r\n<p>( Из анекдотов: «Про тещу»)</p>\r\n</div>\r\n<p id="text_intro">С тещей Толика я познакомился раньше, чем с ним самим. Убил бы! Не  Толика - его тещу и вовсе не за то, что она его теща. \r\n Толик … .  Впрочем, начну сначала и в порядке нашего знакомства.</p><p id="data">Далее ... </p>\r\n', '<p id="text">\r\nС тещей Толика я познакомился раньше, чем с ним самим. Убил бы! Не  Толика - его тещу и вовсе не за то, что она его теща.  Толик … .  Впрочем, начну сначала и в порядке нашего знакомства.\r\n 	Теща …? Безразлично, с какой ноги вставать утром, если обе ноги больные, больно, то место, откуда ноги растут, болит то, что на плечах держится и вообще, вся насквозь болезная. Такое впечатление, что больной она родилась, с другой стороны, верилось в то, что она,  пережив всех здоровых, своим ходом уйдет на кладбище, где каждый из покойников подхватит от нее какую нибудь заразу.  Да-да,  ей часто в спину неслось «Зараза», что только усиливало  ее паскудность.   Толи шкура у меня дубленная  женами, начальниками, женами начальников, толи организм в меру прокурен и проспиртован, но на меня её зараза не действовала. Все равно, как всякий человек, обладающий здоровым инстинктом, я старался, как можно меньше находиться рядом с очагом инфекции. Честно говоря, меня спасала моя природная лень.  Не люблю пахать  задаром на чужого дядю, тем более тётю. А первое, что она делала,  придя на работу, это, сложив свои мослы в кресло, замучено произносила; «Как я устала». Далее следовало перечисление переделанных домашних дел, затем  просьбы в виде «ЦУ», что кому из коллег за нее сделать. Даже с больным горлом она была готова давать «ЦУ» двадцать четыре часа в сутки; двенадцать часов на работе, двенадцать часов дома. Доставалось от нее всем, но больше всего мужу, которому казалось что в сутках сорок восемь часов. Бодливой корове бог рога не дал, но всеми правдами и неправдами она вытолкала, протолкала  супруга в начальники отдела и теперь грозила его рогами всем, кто был с ней строптив и непокорен. А строптивыми ей казались все.  Вот даже погода; из дому вышла - морозило, на виадук – вспотела, на виадуке – продуло, пока до работы шла уже простыла. Супруг ,козел комолый, как назло, по пьянке опять машину угробил, нет, не в усмерть, но и не едет. Да и вообще разве это машина. Только бензин жрет, как бык помои, или как супруг водку. Нет,  надо менять.  Не супруга. Пробовала. Первый пил,  этот хлещет. Зато этот тихий, всегда перед ней виноватый, руководит она им  с утра, как встали с постели, и до вечера пока не легли, легли по привычке все равно руководит. Одна радость у мужика, так надраться, что бы все придирки жены были до фонаря, который качает задира ветер. Утром  еще не проснулся, а уже чувствует себя виноватым и только очередные двести триста грамм, пусть временно, но освобождают его от тяжкого гнета. Стакан с утра – весь день свободен.  А  когда болезная  несет его с работы домой вечером, тем более днем (не дай бог дойдет до начальства запах перегара) его душа мстительно ликует. Есть ли у неё душа? Если и есть, то сморщилась, как шкурка под уксусом, навела камуфляж черным дегтем и чихать хотела на все, что не касается её благополучия, благополучия её славных крошек.  Видел я эту крошку  - на метр восемьдесят семь пудов. Одинокая медведица.\r\nВ какие времена и какая теща была довольна своим зятем? Но умная теща понимает, что дочка и другого выберет ничем не лучше. Ибо выбирает себе подобного из себе подобных. \r\n\r\nВот здесь и перейдем к Толику и его рассказу. За собой оставляю право редактора и корректора, так как его одиссею я слышал в нескольких интерпретациях и от разных людей со словами бранными нецензурными,  даже не подозревая, что с кем-то из действующих лиц я знаком, а с кем-то жизнь рано или поздно столкнет на озорных поворотах. \r\n\r\nМашина кое-как развернулась на узкой таежной дороге перегороженной свежим завалом. Немного не доехали. Там за перевалом Иркакит. Осень тронула желтизной тайгу. Прекрасное время. Совсем исчез паут, комар только на короткое время высунет свой длинный нос и снова зябко прячется при малейшем дуновении свежего ветерка, легкой тучки на солнышке. Пробираемся с Алешкой буреломом, дорогой по которой в начале лета без труда проехали на  «Ниве». Так бывает - не торнадо, обычный штормовой ветер рванет через хребты с океана до Байкала, наломает – наворочает и умчится в монгольские степи. Нет в этом мире ничего вечного. Места, где мы бывали прежде, теперь с трудом мы узнаем.   Иркакит туда же, его на картах обозначают то рекой, то ключом. Так оно и есть. Пройдет в  горах дождь и бешеная вода выворачивает с корнями деревья, крушит берега, прокладывая себе новые русла, а через несколько дней снова бежит ручейком от плеса до плеса. По плесам жирует ленок, плавится хариус, отдыхают на перелете утки, гуси. \r\nВесна – мачеха, ласково улыбается, но скудна и скупа. Осень – то приголубит, то остудит, но как добрая мать никогда не оставит голодным.\r\nНеторопясь, скатываемся вниз по течению. Незаметно тяжелеют канны. Пара крякашей добавила веса  рюкзаку.  Если идти все время руслом, то к устью придешь только через сутки, поэтому, там, где можно, спрямляем путь. Иркакит резко убегает вправо, в долину. Петляет километра три моховой марью с редкими кустиками  по берегам, и возвращается почти на это же место за березовым колком. Там и почаюем. Двести метров проваливаясь выше колен  между валунами, покрытыми густой периной мхов. В закрайке на бугре, с лаем, стая собак гонит молодого оленя. Далековато они забрались от города. Страшный бич для тайги собаки брошенные людьми. Одичавшие, но не боящиеся человека. Не разбежишься по коварному зелено-бурому покрывалу, когда заскочили в березняк, собаки успели задрать олененка и старались урвать каждая свой кусок, скалясь на соседей. Вожаку стаи досталась картечь, ближайших обожгло, ошпарило дробью. Пока мы обдирали олешку, вырезали не тронутые собаками стегошко и лопатку они обижено скулили-подвывали в густом ернике за стеной листвянок. Какая теперь рыбалка? Спина своя, не казенная. \r\n </p>', 2, 3, 1293735498, '', ''),
(5, 'Новость2', '', '		<div ><img id="foto" src="../images/article/sova.jpg"/></div>\r\n	    <p id="text">Причина ослабления рубля в последнее время, безусловно, связана с падением цен на нефть. \r\n		Надо признаться, что это низшая точка нефтяных котировок за последние шесть лет. Можно приводить эти цены с\r\n		изменением курса доллара к тем ценам, которые были в 80-е годы и в начале 90-х годов, и путем нехитрого пересчета\r\n		прийти к выводу о том, это в целом, одна из самых низких точек, по которым продавалась нефть за последние 30-40 лет.\r\n		Не самая низкая, но тем не менее, весьма низкая, - сказал Медведев.\r\n		По его словам, такая ситуация с ценами на нефть приводит к ослаблению рубля.</p>\r\n	</p>\r\n		<p id="data">Подробнее...</p>\r\n', '<p id="text">Причины ослабления курса рубля - падение мировых цен на нефть, девальвация нацвалют КНР и Казахстана, а также западные \r\nсанкции, заявил журналистам премьер-министр РФ Дмитрий Медведев.</p>\r\n<p id="text">Причина ослабления рубля в последнее время, безусловно, связана с падением цен на нефть. Надо признаться, что это \r\nнизшая точка нефтяных котировок за последние шесть лет. Можно приводить эти цены с изменением курса доллара к тем ценам,\r\n которые были в 80-е годы и в начале 90-х годов, и путем нехитрого пересчета прийти к выводу о том, это в целом, одна из\r\n самых низких точек, по которым продавалась нефть за последние 30-40 лет. Не самая низкая, но тем не менее, весьма низкая,\r\n - сказал Медведев. По его словам, такая ситуация с ценами на нефть приводит к ослаблению рубля.</p>\r\n<p id="text">Есть и другие причины. Это общая нестабильность на рынке капиталов, ситуация вокруг китайской валюты, но и, может быть,\r\n не в такой степени ситуация у наших соседей: В Казахстане приняли решение об отказе от валютного коридора, что ослабило позиции тенге.\r\n А мы все-таки экономики взаимосвязанные, и поэтому все эти процессы не могут быть для нас безразличны.</p>\r\n<p id="text">Среди других причин Медведев назвал введенные в отношении России западные санкции, в том числе, закрытие для России рынков \r\nкапитала и введение санкций в отношении российских банков.</p>\r\n<p id="text">Это происходит и сейчас. Но я думаю, что этот процесс не будет бесконечным, - сказал Медведев.</p>\r\n<p id="text"><strong>Среднесрочная перспектива курса рубля</strong></p>\r\n<p id="text">Курс рубля в среднесрочной перспективе вернется к усредненным нормальным показателям, считает Дмитрий Медведев.</p>\r\n<p id="text">Ситуация, которая сложилась с курсом рубля - объективна, потому что связана с нефтяными ценами. На нее невозможно повлиять\r\n путем однократных действий, это бессмысленные попытки. Ну и самое главное, я уверен, что в среднесрочной перспективе эта \r\n ситуация успокоится, и рубль вернется к усредненным нормальным показателям, которые были достигнуты за последнее время, - \r\n сказал Медведев.</p>\r\n<p id="text"><strong>Ограничение движения капитала</strong></p>\r\n<p id="text">Введения ограничений на движение капитала отбросит страну в 90-е годы, отметил премьер-министр РФ. Ограничения движения капитала\r\n - я не думаю, что это удачная идея даже в такой момент ровно потому, что это довольно фундаментальное изменение на рынке, которое,\r\n скорее всего, не повлияет существенно на ситуацию, но отбросит нас в 90-е годы, - сказал Медведев. По словам главы правительства,\r\n такие ограничения достаточно долго действовали в 90-е годы, но они весьма косвенно влияли на курс рубля.</p>\r\n<p id="text">Тем не менее, это вопросы, которые находятся в компетенции Центрального банка. Мы также будем их с нашими коллегами обсуждать. \r\nНо свою позицию я уже высказал - я не считаю, что это мера, которая однозначно приводит к позитивным результатам, - сказал Медведев.</p>\r\n<p id="text">Он напомнил, что ограничение на движение капитала не принесло какого-либо позитивного эффекта в период экономического кризиса в\r\n 1998 году и прошедший тогда, по его словам, масштабнейшей девальвации.</p>\r\n<p id="text"><strong>Дополнительные продажи валюты</strong></p>\r\n<p id="text">По словам премьера, валютные экспортеры в ближайшее время проведут дополнительные продажи валюты, что скажется на котировках.\r\n В ближайшее время, я так думаю, будут и дополнительные валютные продажи со стороны наших компаний-экспортеров валютных, что также\r\n будет сказываться на котировках рубля, - сказал Медведев.</p>\r\n<p id="text">Правительство вместе с Центральным банком продолжает внимательно следить за ситуацией с курсом рубля. Центральный банк будет\r\n принимать решения, связанные со своей компетенцией. Естественно, мы будем помогать, я имею в виду правительство, Центральному\r\n банку в смысле получения притока дополнительных валютных поступлений, - отметил глава правительства.</p>\r\n<p id="text">Согласно заявлению премьер-министра, правительство и ЦБ будут предпринимать определенный набор согласованных мер по ситуации \r\nс курсом рубля, который в последние дни резко упал.</p>\r\n<p id="text">Опыт последнего времени показывает, что в таких ситуациях самое главное не нервничать, не принимать скоропалительных решений.\r\n Потому что валюты ослабляются, девальвируются, а потом восстанавливаются, что происходило с рублем в последний год и не только\r\n из-за нефтяных</p>', 7, 0, 1279730696, 'Новость2', 'Новость2'),
(13, 'новость4', '', '	<div ><img id="foto" src="../images/article/mouse.jpg"/></div>\r\n<p id="text">Зампред правительства Дмитрий Рогозин прокомментировал японской стороны поездкой премьера \r\nДмитрия Медведева на Курилы. Он рекомендовал японцам сделать харакири и успокоиться.\r\nРоссийский премьер прибыл на остров Итуруп в субботу. Там он посетил всероссийский молодежный \r\nобразовательный форум Итуруп, а также осмотрел объекты, возводимые в рамках федеральной\r\n целевой программы развития Курильских островов до 2025 года.</p>\r\n		<p id="data">Подробнее...</p>\r\n', '<p id="text">Зампред правительства Дмитрий Рогозин прокомментировал японской стороны поездкой премьера Дмитрия Медведева на Курилы. Он рекомендовал японцам сделать харакири и успокоиться.</p>\r\n<p id="text">Российский премьер прибыл на остров Итуруп в субботу. Там он посетил всероссийский молодежный образовательный форум Итуруп, а также осмотрел объекты, возводимые в рамках федеральной целевой программы развития Курильских островов до 2025 года.</p>\r\n<p id="text">После этого японские источники сообщили о том, что визит главы МИД в Россию откладывается, а российскому послу передали официальную ноту протеста. В российском МИДе на это заявили, что даты визита не были согласованы, а значит, и отложить его невозможно. И ноты российский посол не получал</p>\r\n<p id="text">Рогозин продолжил пикировку в своем : Были бы они (японцы) настоящими мужиками, сделали бы по традиции себе харакири и успокоились бы, наконец.</p>', 7, 0, 1293735498, 'Новость4', 'Новость4'),
(18, 'Жарки-выпуск №2', '', '	    <p id="text">Причиной создания Литературно – творческого клуба «Жарки» в Жирекене, стал праздник «Забайкальская осень» на жирекенской земле.\r\n11 ноября 2012 года на заседании Литературно-творческого клуба «Жарки» было решено выпустить первый Альманах жирекенских авторов.</p>\r\n<p id="data">Подробнее...</p>', '	    <p id="text">Причиной создания Литературно – творческого клуба «Жарки» в Жирекене, стал праздник «Забайкальская осень» на жирекенской земле.\r\n11 ноября 2012 года на заседании Литературно-творческого клуба «Жарки» было решено выпустить первый Альманах жирекенских авторов.  За спонсорской помощью обратились к Администрации поселения «Жирекенское» и ОАО «Жирекенский ГОК».\r\nНельзя и в тайге без хозяина. Как его только не дразнят; то «Топтыгин», то «Косолапый», слышал даже такое выражение «мужик босолапый». Но и без него никак нельзя. Ведь людишки последний божий страх перед тайгой потеряют, а с совестью у них давно напряженка. Прошу прощения у присутствующих, это не их касается.\r\nЕсть у меня друг – Владимир Сергеевич. Ну допустим это он на службе, да в поселке Владимир Сергеевич, а в тайге, как в бане – без чинов, в тайге одного Михайло Потапыча по имени-отчеству величают и то пока шкуру не спустят. Остальные все Вити да Сани. У кого глаз зорче, рука тверже – тот и пан, тому и фарт. Срубил Володя с мужиками зимовье в тайге. Ладное зимовье; Листвянки в основание чуть ли не в охват скатали, из сухостоя – рубили, аж в спину отдавало, мхом хорошо простлали да протыкали. И место прекрасное – в распадочке под увальчиком на солнцепеке, а не в каком ни будь сивере, где солнце отродясь не бывало. Молодой листвяничек прикрывает, в двадцати метрах пройдешь не заметишь. Дверью на юг, оконца на запад и на восток – зимой хоть маленький лучик солнышка в зимовье заскочит, а все веселее. Вот только кто сказал, что хозяин зимовья охотник? Он в зимовье скоком да наскоком, неделю живет – две нет. Зимовье же без хозяина не может. Кто в нем только не пытается хозяйничать, всякой твари по паре. Попадется хороший хозяин, так для него и дверь в зимовье не закрывается, а наоборот поленце под порожек подкладывается, что бы она случайно ветром не захлопнулась. \r\nСохотился как-то Володя – инжигашку (козла сеголетку) подстрелил, лопатки, стегошки в рюкзак – детишек подкормить, печенку подморози\r\nПричиной создания Литературно – творческого клуба «Жарки» в Жирекене, стал праздник «Забайкальская осень» на жирекенской земле.\r\n11 ноября 2012 года на заседании Литературно-творческого клуба «Жарки» было решено выпустить первый Альманах жирекенских авторов.  За спонсорской помощью обратились к Администрации поселения «Жирекенское» и ОАО «Жирекенский ГОК».\r\nНельзя и в тайге без хозяина. Как его только не дразнят; то «Топтыгин», то «Косолапый», слышал даже такое выражение «мужик босолапый». Но и без него никак нельзя. Ведь людишки последний божий страх перед тайгой потеряют, а с совестью у них давно напряженка. Прошу прощения у присутствующих, это не их касается.\r\nЕсть у меня друг – Владимир Сергеевич. Ну допустим это он на службе, да в поселке Владимир Сергеевич, а в тайге, как в бане – без чинов, в тайге одного Михайло Потапыча по имени-отчеству величают и то пока шкуру не спустят. Остальные все Вити да Сани. У кого глаз зорче, рука тверже – тот и пан, тому и фарт. Срубил Володя с мужиками зимовье в тайге. Ладное зимовье; Листвянки в основание чуть ли не в охват скатали, из сухостоя – рубили, аж в спину отдавало, мхом хорошо простлали да протыкали. И место прекрасное – в распадочке под увальчиком на солнцепеке, а не в каком ни будь сивере, где солнце отродясь не бывало. Молодой листвяничек прикрывает, в двадцати метрах пройдешь не заметишь. Дверью на юг, оконца на запад и на восток – зимой хоть маленький лучик солнышка в зимовье заскочит, а все веселее. Вот только кто сказал, что хозяин зимовья охотник? Он в зимовье скоком да наскоком, неделю живет – две нет. Зимовье же без хозяина не может. Кто в нем только не пытается хозяйничать, всякой твари по паре. Попадется хороший хозяин, так для него и дверь в зимовье не закрывается, а наоборот поленце под порожек подкладывается, что бы она случайно ветром не захлопнулась. \r\nСохотился как-то Володя – инжигашку (козла сеголетку) подстрелил, лопатки, стегошки в рюкзак Причиной создания Литературно – творческого клуба «Жарки» в Жирекене, стал праздник «Забайкальская осень» на жирекенской земле.\r\n11 ноября 2012 года на заседании Литературно-творческого клуба «Жарки» было решено выпустить первый Альманах жирекенских авторов.  За спонсорской помощью обратились к Администрации поселения «Жирекенское» и ОАО «Жирекенский ГОК».\r\nНельзя и в тайге без хозяина. Как его только не дразнят; то «Топтыгин», то «Косолапый», слышал даже такое выражение «мужик босолапый». Но и без него никак нельзя. Ведь людишки последний божий страх перед тайгой потеряют, а с совестью у них давно напряженка. Прошу прощения у присутствующих, это не их касается.\r\nЕсть у меня друг – Владимир Сергеевич. Ну допустим это он на службе, да в поселке Владимир Сергеевич, а в тайге, как в бане – без чинов, в тайге одного Михайло Потапыча по имени-отчеству величают и то пока шкуру не спустят. Остальные все Вити да Сани. У кого глаз зорче, рука тверже – тот и пан, тому и фарт. Срубил Володя с мужиками зимовье в тайге. Ладное зимовье; Листвянки в основание чуть ли не в охват скатали, из сухостоя – рубили, аж в спину отдавало, мхом хорошо простлали да протыкали. И место прекрасное – в распадочке под увальчиком на солнцепеке, а не в каком ни будь сивере, где солнце отродясь не бывало. Молодой листвяничек прикрывает, в двадцати метрах пройдешь не заметишь. Дверью на юг, оконца на запад и на восток – зимой хоть маленький лучик солнышка в зимовье заскочит, а все веселее. Вот только кто сказал, что хозяин зимовья охотник? Он в зимовье скоком да наскоком, неделю живет – две нет. Зимовье же без хозяина не может. Кто в нем только не пытается хозяйничать, всякой твари по паре. Попадется хороший хозяин, так для него и дверь в зимовье не закрывается, а наоборот поленце под порожек подкладывается, что бы она случайно ветром не захлопнулась. \r\nСохотился как-то Володя – инжигашку (козла сеголетку) подстрелил, лопатки, стегошки в рюкзак Причиной создания Литературно – творческого клуба «Жарки» в Жирекене, стал праздник «Забайкальская осень» на жирекенской земле.\r\n11 ноября 2012 года на заседании Литературно-творческого клуба «Жарки» было решено выпустить первый Альманах жирекенских авторов.  За спонсорской помощью обратились к Администрации поселения «Жирекенское» и ОАО «Жирекенский ГОК».\r\nНельзя и в тайге без хозяина. Как его только не дразнят; то «Топтыгин», то «Косолапый», слышал даже такое выражение «мужик босолапый». Но и без него никак нельзя. Ведь людишки последний божий страх перед тайгой потеряют, а с совестью у них давно напряженка. Прошу прощения у присутствующих, это не их касается.\r\nЕсть у меня друг – Владимир Сергеевич. Ну допустим это он на службе, да в поселке Владимир Сергеевич, а в тайге, как в бане – без чинов, в тайге одного Михайло Потапыча по имени-отчеству величают и то пока шкуру не спустят. Остальные все Вити да Сани. У кого глаз зорче, рука тверже – тот и пан, тому и фарт. Срубил Володя с мужиками зимовье в тайге. Ладное зимовье; Листвянки в основание чуть ли не в охват скатали, из сухостоя – рубили, аж в спину отдавало, мхом хорошо простлали да протыкали. И место прекрасное – в распадочке под увальчиком на солнцепеке, а не в каком ни будь сивере, где солнце отродясь не бывало. Молодой листвяничек прикрывает, в двадцати метрах пройдешь не заметишь. Дверью на юг, оконца на запад и на восток – зимой хоть маленький лучик солнышка в зимовье заскочит, а все веселее. Вот только кто сказал, что хозяин зимовья охотник? Он в зимовье скоком да наскоком, неделю живет – две нет. Зимовье же без хозяина не может. Кто в нем только не пытается хозяйничать, всякой твари по паре. Попадется хороший хозяин, так для него и дверь в зимовье не закрывается, а наоборот поленце под порожек подкладывается, что бы она случайно ветром не захлопнулась. \r\nСохотился как-то Володя – инжигашку (козла сеголетку) подстрелил, лопатки, стегошки в рюкзак Причиной создания Литературно – творческого клуба «Жарки» в Жирекене, стал праздник «Забайкальская осень» на жирекенской земле.\r\n11 ноября 2012 года на заседании Литературно-творческого клуба «Жарки» было решено выпустить первый Альманах жирекенских авторов.  За спонсорской помощью обратились к Администрации поселения «Жирекенское» и ОАО «Жирекенский ГОК».\r\nНельзя и в тайге без хозяина. Как его только не дразнят; то «Топтыгин», то «Косолапый», слышал даже такое выражение «мужик босолапый». Но и без него никак нельзя. Ведь людишки последний божий страх перед тайгой потеряют, а с совестью у них давно напряженка. Прошу прощения у присутствующих, это не их касается.\r\nЕсть у меня друг – Владимир Сергеевич. Ну допустим это он на службе, да в поселке Владимир Сергеевич, а в тайге, как в бане – без чинов, в тайге одного Михайло Потапыча по имени-отчеству величают и то пока шкуру не спустят. Остальные все Вити да Сани. У кого глаз зорче, рука тверже – тот и пан, тому и фарт. Срубил Володя с мужиками зимовье в тайге. Ладное зимовье; Листвянки в основание чуть ли не в охват скатали, из сухостоя – рубили, аж в спину отдавало, мхом хорошо простлали да протыкали. И место прекрасное – в распадочке под увальчиком на солнцепеке, а не в каком ни будь сивере, где солнце отродясь не бывало. Молодой листвяничек прикрывает, в двадцати метрах пройдешь не заметишь. Дверью на юг, оконца на запад и на восток – зимой хоть маленький лучик солнышка в зимовье заскочит, а все веселее. Вот только кто сказал, что хозяин зимовья охотник? Он в зимовье скоком да наскоком, неделю живет – две нет. Зимовье же без хозяина не может. Кто в нем только не пытается хозяйничать, всякой твари по паре. Попадется хороший хозяин, так для него и дверь в зимовье не закрывается, а наоборот поленце под порожек подкладывается, что бы она случайно ветром не захлопнулась. \r\nСохотился как-то Володя – инжигашку (козла сеголетку) подстрелил, лопатки, стегошки в рюкзак \r\n</p>', 3, 0, 1293735498, '', ''),
(6, 'Новости1', '', '	<div ><img id="foto" src="../images/article/otec.jpg"/></div>\r\n	    <p id="text">	Активисты Национального освободительного движения (НОД) 22 августа провели пикет в городе Краснокаменске \r\n		Забайкальского края, рассказав жителям о зависимости России от Запада и «пятой колонны», которым не может помешать ограниченный\r\n		в полномочиях президент РФ Владимир Путин. \r\n		Видео с пикета размещено в официальной группе регионального отделения НОД в Забайкальском крае. .....</p>\r\n		<p id="data">Подробнее...</p>\r\n', '<p id="text">Активисты Национального освободительного движения (НОД) 22 августа провели пикет в городе Краснокаменске \r\nЗабайкальского края, рассказав жителям о зависимости России от Запада и «пятой колонны», которым не может помешать\r\n ограниченный в полномочиях президент РФ Владимир Путин. \r\nВидео с пикета размещено в официальной группе регионального отделения НОД в Забайкальском крае. </p>\r\n<p id="text">У нас за каждым министерством и ведомством стоят иностранные консультанты.  (…) Они \r\nконсультируют наших министров. При их указаниях исполняются их решения. Путин противится, но у него ограничены полномочия, — \r\nрассказал участник пикета в беседе с жителем города.</p>\r\n<p id="text">Жители Краснокаменска в большинстве своём заявляли представителям движения, что не слышали о том, что в \r\n1991 году Россия потеряла свой суверенитет и перешла под внешнее управление стран Запада, о чём говорили активисты НОД.</p>\r\n<p id="text">Предыдущий пикет активисты НОД проводили 15 августа, почле чего заявили о подготовке масштабного мероприятия.</p>', 7, 0, 1293735498, 'Новость1', 'Новость1'),
(24, 'Гомель', '', '<p id="text">Го́мель (белор. Го́мель) — город в Белоруссии, административный центр Гомельской области и Гомельского района, \r\nвторой по численности населения (526 873 человека на 1 января 2015) город в стране. Расположен на юго-востоке\r\n республики на реке Сож в 302 км на юго-восток от Минска, в 534 км на восток от Бреста, в 171 км на юг от Могилёва,\r\n в 237 км на запад от Брянска, в 111 км к северу от Чернигова, в 567 км от Москвы.\r\n Площадь города 135 км² (по состоянию на 1 января 2011 г.).</p>\r\n <p id="data">Подробнее...</p>', '<p id="text">Го́мель (белор. Го́мель) — город в Белоруссии, административный центр Гомельской области и Гомельского района, \r\nвторой по численности населения (526 873 человека на 1 января 2015) город в стране. Расположен на юго-востоке\r\n республики на реке Сож в 302 км на юго-восток от Минска, в 534 км на восток от Бреста, в 171 км на юг от Могилёва,\r\n в 237 км на запад от Брянска, в 111 км к северу от Чернигова, в 567 км от Москвы.\r\n Площадь города 135 км² (по состоянию на 1 января 2011 г.).</p>\r\n </br>\r\n\r\n<div id="gallery" style="display:none;">\r\n	\r\n		<img alt="Preview Image 1"\r\n			 src="images/thumbs/gomel1.jpg"\r\n			 data-image="images/big/gomel1.jpg"\r\n			 data-description="Preview Image 1 Description">\r\n		\r\n		<img alt="Preview Image 2"\r\n			 src="images/thumbs/gomel2.jpg"\r\n			 data-image="images/big/gomel2.jpg"\r\n			 data-description="Preview Image 2 Description">\r\n			 \r\n		<img alt="Preview Image 3"\r\n			 src="images/thumbs/gomel3.jpg"\r\n			 data-image="images/big/gomel3.jpg"\r\n			 data-description="Preview Image 3 Description">\r\n			 \r\n		<img alt="Preview Image 4"\r\n			 src="images/thumbs/gomel4.jpg"\r\n			 data-image="images/big/gomel4.jpg"\r\n			 data-description="Preview Image 4 Description">\r\n		\r\n		<img alt="Preview Image 5"\r\n			 src="images/thumbs/gomel1.jpg"\r\n			 data-image="images/big/gomel1.jpg"\r\n			 data-description="Preview Image 5 Description">\r\n		\r\n		<img alt="Preview Image 6"\r\n			 src="images/thumbs/gomel2.jpg"\r\n			 data-image="images/big/gomel2.jpg"\r\n			 data-description="Preview Image 6 Description">\r\n			 \r\n		<img alt="Preview Image 7"\r\n			 src="images/thumbs/gomel3.jpg"\r\n			 data-image="images/big/gomel3.jpg"\r\n			 data-description="Preview Image 7 Description">\r\n			 \r\n		<img alt="Preview Image 8"\r\n			 src="images/thumbs/gomel4.jpg"\r\n			 data-image="images/big/gomel4.jpg"\r\n			 data-description="Preview Image 8 Description">\r\n			 \r\n		<img alt="Preview Image 9"\r\n			 src="images/thumbs/gomel1.jpg"\r\n			 data-image="images/big/gomel1.jpg"\r\n			 data-description="Preview Image 9 Description">\r\n		\r\n		<img alt="Preview Image 10"\r\n			 src="images/thumbs/gomel2.jpg"\r\n			 data-image="images/big/gomel2.jpg"\r\n			 data-description="Preview Image 10 Description">\r\n			 \r\n		<img alt="Preview Image 11"\r\n			 src="images/thumbs/gomel3.jpg"\r\n			 data-image="images/big/gomel3.jpg"\r\n			 data-description="Preview Image 11 Description">\r\n			 \r\n		<img alt="Preview Image 12"\r\n			 src="images/thumbs/gomel4.jpg"\r\n			 data-image="images/big/gomel4.jpg"\r\n			 data-description="Preview Image 12 Description">\r\n			 \r\n		<img alt="Preview Image 13"\r\n			 src="images/thumbs/gomel1.jpg"\r\n			 data-image="images/big/gomel1.jpg"\r\n			 data-description="Preview Image 13 Description">\r\n		\r\n		<img alt="Preview Image 14"\r\n			 src="images/thumbs/gomel2.jpg"\r\n			 data-image="images/big/gomel2.jpg"\r\n			 data-description="Preview Image 14 Description">\r\n			 \r\n		<img alt="Preview Image 15"\r\n			 src="images/thumbs/gomel3.jpg"\r\n			 data-image="images/big/gomel3.jpg"\r\n			 data-description="Preview Image 15 Description">\r\n			 \r\n		<img alt="Preview Image 16"\r\n			 src="images/thumbs/gomel4.jpg"\r\n			 data-image="images/big/gomel4.jpg"\r\n			 data-description="Preview Image 16 Description">\r\n			 \r\n	</div>', 4, 0, 1293735498, 'фотогалерея', 'фотогалерея'),
(25, 'Весна пришла', '', '<p id="text">Астрономическая весна наступает позже календарной — во время весеннего равноденствия, 20 марта (в предвисокосные годы 20 или 21 марта)\r\n (в северном полушарии) и 22 или 23 сентября (в южном полушарии), и продолжается до летнего солнцестояния, 21 июня (в високосные годы\r\n 20 или 21 июня) (в северном полушарии) и 21 или 22 декабря (в южном полушарии) (все даты приведены по всемирному времени; в других\r\n часовых поясах они могут отличаться на 1 сутки).\r\nДо XVIII века в Московском государстве весна отсчитывалась от Благовещения 25 марта до Рождества Иоанна Предтечи 24 июня.\r\n В каждом времени года считалось по 91 дню и по полчетверти часа.\r\nВ старинных пасхалиях весна описывалась следующим образом:\r\nВесна наричется яко дева украшена красотою и добротою, сияюще чудно и преславне, яко дивитися всем зрящим доброты её,\r\n любима бо и сладка всем, родится бо ся всяко животно в ней радости и веселия исполнено. Сицева есть весна.</p>\r\n  <p id="data">Подробнее...</p>', '<p id="text">Астрономическая весна наступает позже календарной — во время весеннего равноденствия, 20 марта (в предвисокосные годы 20 или 21 марта)\r\n (в северном полушарии) и 22 или 23 сентября (в южном полушарии), и продолжается до летнего солнцестояния, 21 июня (в високосные годы\r\n 20 или 21 июня) (в северном полушарии) и 21 или 22 декабря (в южном полушарии) (все даты приведены по всемирному времени; в других\r\n часовых поясах они могут отличаться на 1 сутки).\r\nДо XVIII века в Московском государстве весна отсчитывалась от Благовещения 25 марта до Рождества Иоанна Предтечи 24 июня.\r\n В каждом времени года считалось по 91 дню и по полчетверти часа.\r\nВ старинных пасхалиях весна описывалась следующим образом:\r\nВесна наричется яко дева украшена красотою и добротою, сияюще чудно и преславне, яко дивитися всем зрящим доброты её,\r\n любима бо и сладка всем, родится бо ся всяко животно в ней радости и веселия исполнено. Сицева есть весна.</p>\r\n </br>\r\n	<div id="gallery" style="display:none;">\r\n	\r\n		<img alt="Preview Image 1"\r\n			 src="images/thumbs/spring1.jpg"\r\n			 data-image="images/big/spring1.jpg"\r\n			 data-description="Preview Image 1 Description">\r\n		\r\n		<img alt="Preview Image 2"\r\n			 src="images/thumbs/spring2.jpg"\r\n			 data-image="images/big/spring2.jpg"\r\n			 data-description="Preview Image 2 Description">\r\n			 \r\n		<img alt="Preview Image 3"\r\n			 src="images/thumbs/spring3.jpg"\r\n			 data-image="images/big/spring3.jpg"\r\n			 data-description="Preview Image 3 Description">\r\n			 \r\n		<img alt="Preview Image 4"\r\n			 src="images/thumbs/spring4.jpg"\r\n			 data-image="images/big/spring4.jpg"\r\n			 data-description="Preview Image 4 Description">\r\n		\r\n		<img alt="Preview Image 5"\r\n			 src="images/thumbs/spring5.jpg"\r\n			 data-image="images/big/spring5.jpg"\r\n			 data-description="Preview Image 5 Description">\r\n		\r\n		<img alt="Preview Image 6"\r\n			 src="images/thumbs/spring6.jpg"\r\n			 data-image="images/big/spring6.jpg"\r\n			 data-description="Preview Image 6 Description">\r\n			 \r\n		<img alt="Preview Image 7"\r\n			 src="images/thumbs/spring7.jpg"\r\n			 data-image="images/big/spring7.jpg"\r\n			 data-description="Preview Image 7 Description">\r\n			 \r\n		<img alt="Preview Image 8"\r\n			 src="images/thumbs/spring1.jpg"\r\n			 data-image="images/big/spring1.jpg"\r\n			 data-description="Preview Image 8 Description">\r\n			 \r\n		<img alt="Preview Image 9"\r\n			 src="images/thumbs/spring2.jpg"\r\n			 data-image="images/big/spring2.jpg"\r\n			 data-description="Preview Image 9 Description">\r\n		\r\n		<img alt="Preview Image 10"\r\n			 src="images/thumbs/spring3.jpg"\r\n			 data-image="images/big/spring3.jpg"\r\n			 data-description="Preview Image 10 Description">\r\n			 \r\n		<img alt="Preview Image 11"\r\n			 src="images/thumbs/spring4.jpg"\r\n			 data-image="images/big/spring4.jpg"\r\n			 data-description="Preview Image 11 Description">\r\n			 \r\n		<img alt="Preview Image 12"\r\n			 src="images/thumbs/spring5.jpg"\r\n			 data-image="images/big/spring5.jpg"\r\n			 data-description="Preview Image 12 Description">\r\n			 \r\n		<img alt="Preview Image 13"\r\n			 src="images/thumbs/spring6.jpg"\r\n			 data-image="images/big/spring6.jpg"\r\n			 data-description="Preview Image 13 Description">\r\n		\r\n		<img alt="Preview Image 14"\r\n			 src="images/thumbs/spring7.jpg"\r\n			 data-image="images/big/spring7.jpg"\r\n			 data-description="Preview Image 14 Description">\r\n			 \r\n		<img alt="Preview Image 15"\r\n			 src="images/thumbs/spring1.jpg"\r\n			 data-image="images/big/spring1.jpg"\r\n			 data-description="Preview Image 15 Description">\r\n			 \r\n		<img alt="Preview Image 16"\r\n			 src="images/thumbs/spring2.jpg"\r\n			 data-image="images/big/spring2.jpg"\r\n			 data-description="Preview Image 16 Description">\r\n			 \r\n	</div>\r\n<p id="text">Климатически весна считается наступившей, когда среднесуточная температура начинает превышать 0 градусов по Цельсию.\r\n\r\nВ южных районах России весна сливается с осенью (субтропический климат, климатической зимы нет). \r\nВ средней полосе России весна наступает климатически в среднем в конце марта. На большей части России март\r\n климатически является зимним месяцем. \r\nВ районах с холодным климатом весна тоже сливается с осенью (нет климатического лета, субарктический климат).</p>', 4, 0, 1293735498, 'фотогалерея', 'фотогалерея');

-- --------------------------------------------------------

--
-- Структура таблицы `xyz_categories`
--

CREATE TABLE IF NOT EXISTS `xyz_categories` (
  `id` int(10) unsigned NOT NULL,
  `title` varchar(100) NOT NULL,
  `img` varchar(255) NOT NULL,
  `section_id` int(10) unsigned NOT NULL,
  `description` text NOT NULL,
  `meta_desc` varchar(255) NOT NULL,
  `meta_key` varchar(255) NOT NULL
) ENGINE=MyISAM AUTO_INCREMENT=4 DEFAULT CHARSET=utf8;

--
-- Дамп данных таблицы `xyz_categories`
--

INSERT INTO `xyz_categories` (`id`, `title`, `img`, `section_id`, `description`, `meta_desc`, `meta_key`) VALUES
(1, '1975г.-1980г.', '', 1, '', 'Стихи Баль 1975 1980', 'Стихи Баль 1975 1980'),
(2, '1980г.-1990г.', '', 1, '', 'Стихи Баль  1980 1990', 'Стихи Баль  1980 1990'),
(3, 'Байки старого зимовья', '', 2, '', 'Байки старого зимовья', 'Байки старого зимовья');

-- --------------------------------------------------------

--
-- Структура таблицы `xyz_comments`
--

CREATE TABLE IF NOT EXISTS `xyz_comments` (
  `id` int(10) unsigned NOT NULL,
  `article_id` int(10) unsigned NOT NULL,
  `user_id` int(10) unsigned NOT NULL,
  `parent_id` int(10) unsigned DEFAULT NULL,
  `text` text NOT NULL,
  `date` int(10) unsigned NOT NULL
) ENGINE=MyISAM AUTO_INCREMENT=92 DEFAULT CHARSET=utf8;

--
-- Дамп данных таблицы `xyz_comments`
--

INSERT INTO `xyz_comments` (`id`, `article_id`, `user_id`, `parent_id`, `text`, `date`) VALUES
(32, 1, 6, 0, 'GHsdshdj hfjdhfkdf hfdhfdks  kkks ssss', 1436152670),
(33, 3, 6, 0, 'По-зимнему прозрачный лес\nУкутан звонкой тишиной\nКак будто сон упал с небес\nВслед за старушкою зимой.\nУкутал землю белым снегом', 1436152723),
(34, 2, 6, 0, 'ММММММММ мирмим ммммм ммммммм мммммммммммммммммм мммммммммммммм ммммммммммммм ммммм мммммммм ммммммммм мм ммммммммм мммммм мммммммммммм мммммм мммммммммммммммм ммммммммммммммммммм  ', 1436152745),
(35, 18, 6, 0, 'fg fgf', 1436155068),
(36, 13, 6, 0, 'ffff', 1436155080),
(38, 18, 6, 0, 'gf fgh jyhgjg fg fg', 1436155107),
(39, 15, 6, 0, 'hjkh hjh j jj jjj jjjj jj j j j j j jzzz', 1436155141),
(40, 2, 6, 0, 'тались кинуть: всунули несколько левых железяк, но не на тех нарвались; шеф им быстро мозги вправил, и теперь сам проверяет поступающую технику. Ну нравится ему с железом возиться, боится наверно, квалификацию потерять - подумал я. – Ага, - шеф кивнул. - Более то', 1436156654),
(41, 16, 6, 0, 'тались кинуть: всунули несколько левых железяк, но не на тех нарвались; шеф им быстро мозги вправил, и теперь сам проверяет поступающую технику. Ну нравится ему с железом возиться, боится наверно, квалификацию потерять - подумал я. – Ага, - шеф кивнул. - Более то', 1436156668),
(42, 17, 6, 0, 'тались кинуть: всунули несколько левых железяк, но не на тех нарвались; шеф им быстро мозги вправил, и теперь сам проверяет поступающую технику. Ну нравится ему с железом возиться, боится наверно, квалификацию потерять - подумал я. – Ага, - шеф кивнул. - Более то', 1436156678),
(43, 10, 6, 0, 'тались кинуть: всунули несколько левых железяк, но не на тех нарвались; шеф им быстро мозги вправил, и теперь сам проверяет поступающую технику. Ну нравится ему с железом возиться, боится наверно, квалификацию потерять - подумал я. – Ага, - шеф кивнул. - Более то', 1436156702),
(44, 13, 10, 36, 'gaga', 1436157785),
(45, 13, 10, 0, 'aaaaaaaaaaaaaaaaaaaad', 1436157795),
(46, 6, 10, 0, 'sdsdsd', 1436157811),
(47, 5, 10, 0, 'sdsds', 1436157821),
(48, 3, 10, 33, 'sdsds', 1436157832),
(49, 3, 10, 33, 'sdsd', 1436157835),
(50, 1, 10, 0, 'sdsd', 1436157848),
(51, 2, 10, 0, 'Словно в детство свое сходили\n\nИ лежишь на рассвете тихо,\n\nСловно что', 1436157864),
(52, 15, 10, 0, 'Словно в детство свое сходили\n\nИ лежишь на рассвете тихо,\n\nСловно что', 1436157881),
(53, 16, 10, 0, 'Словно в детство свое сходили\n\nИ лежишь на рассвете тихо,\n\nСловно что', 1436157889),
(54, 17, 10, 0, 'Словно в детство свое сходили\n\nИ лежишь на рассвете тихо,\n\nСловно что', 1436157897),
(55, 10, 10, 0, 'Словно в детство свое сходили\n\nИ лежишь на рассвете тихо,\n\nСловно что', 1436157909),
(56, 18, 10, 0, 'Словно в детство свое сходили\n\nИ лежишь на рассвете тихо,\n\nСловно что', 1436157920),
(60, 1, 6, 50, 'нет нужно подробнее', 1436227033),
(62, 1, 6, 60, 'Деревушка в утреннем тумане,\n\nНа околице избушка в три окна.', 1436227048),
(63, 1, 6, 62, 'Деревушка в утреннем тумане,\n\nНа околице избушка в три окна.', 1436227056),
(64, 1, 6, 0, 'Деревушка в утреннем тумане,\n\nНа околице избушка в три окна.', 1436227086),
(66, 24, 6, 0, 'Был в этом  городе, очень красиво.', 1440319590),
(67, 24, 6, 66, 'Да и что интересно все на русском языке говорят.', 1440319622);

-- --------------------------------------------------------

--
-- Структура таблицы `xyz_menu`
--

CREATE TABLE IF NOT EXISTS `xyz_menu` (
  `id` int(10) unsigned NOT NULL,
  `type` int(11) NOT NULL,
  `title` varchar(100) NOT NULL,
  `link` varchar(255) NOT NULL,
  `parent_id` int(10) unsigned DEFAULT NULL,
  `external` tinyint(1) unsigned NOT NULL DEFAULT '0'
) ENGINE=MyISAM AUTO_INCREMENT=125 DEFAULT CHARSET=utf8;

--
-- Дамп данных таблицы `xyz_menu`
--

INSERT INTO `xyz_menu` (`id`, `type`, `title`, `link`, `parent_id`, `external`) VALUES
(1, 2, 'Новости', '/section?id=7', NULL, 0),
(2, 2, 'Стихи', '/section?id=1', NULL, 0),
(3, 2, 'Проза', '/section?id=2', NULL, 0),
(50, 1, '1975г.-1980г.', '/category?id=1', 12, 0),
(55, 1, '1980г.-1990г.', '/category?id=2', 12, 0),
(60, 1, 'Байки старого зимовья', '/category?id=3', 13, 0),
(5, 2, 'Фотогалерея', '/section?id=4', NULL, 0),
(4, 2, 'Жарки', '/section?id=3', NULL, 0),
(6, 2, 'Форум', '/section?id=5', NULL, 0),
(7, 2, 'Об авторе', '/section?id=6', NULL, 0),
(12, 1, 'СТИХИ', '/section?id=1', NULL, 0),
(13, 1, 'ПРОЗА', '/section?id=2', NULL, 0),
(11, 1, 'НОВОСТИ', '/section?id=7', NULL, 0),
(14, 1, 'ЖАРКИ', '/section?id=3', NULL, 0),
(15, 1, 'ФОТОГАЛЕРЕЯ', '/section?id=4', NULL, 0),
(16, 1, 'ФОРУМ', '/section?id=5', NULL, 0),
(17, 1, 'ОБ АВТОРЕ', '/section?id=6', NULL, 0);

-- --------------------------------------------------------

--
-- Структура таблицы `xyz_quotes`
--

CREATE TABLE IF NOT EXISTS `xyz_quotes` (
  `id` int(10) unsigned NOT NULL,
  `author` varchar(100) NOT NULL,
  `text` varchar(255) NOT NULL
) ENGINE=MyISAM AUTO_INCREMENT=6 DEFAULT CHARSET=utf8;

--
-- Дамп данных таблицы `xyz_quotes`
--

INSERT INTO `xyz_quotes` (`id`, `author`, `text`) VALUES
(1, 'Альберт Эйнштейн', 'Жизнь — как вождение велосипеда. Чтобы сохранить равновесие, ты должен двигаться.'),
(2, 'Альберт Эйнштейн', 'Бессмысленно продолжать делать то же самое и ждать других результатов.'),
(3, 'Альберт Эйнштейн', 'Ты никогда не решишь проблему, если будешь думать так же, как те, кто ее создал.'),
(4, 'Ги де Мопассан', 'Жизнь — гора: поднимаешься медленно, спускаешься быстро.'),
(5, 'Конфуций', 'Когда, совершив ошибку, не исправил её, это и называется совершить ошибку.');

-- --------------------------------------------------------

--
-- Структура таблицы `xyz_sections`
--

CREATE TABLE IF NOT EXISTS `xyz_sections` (
  `id` int(10) unsigned NOT NULL,
  `title` varchar(100) NOT NULL,
  `img` varchar(255) NOT NULL,
  `description` text NOT NULL,
  `meta_desc` varchar(255) NOT NULL,
  `meta_key` varchar(255) NOT NULL
) ENGINE=MyISAM AUTO_INCREMENT=13 DEFAULT CHARSET=utf8;

--
-- Дамп данных таблицы `xyz_sections`
--

INSERT INTO `xyz_sections` (`id`, `title`, `img`, `description`, `meta_desc`, `meta_key`) VALUES
(1, 'Стихи', '', '', '', 'html, html 5, язык html, создать сайт на html, html теги'),
(2, 'Проза', 'css.jpg', '', 'Различная информация и материалы по CSS - каскадным таблицам стилей.', 'css, селекторы css, атрибуты css'),
(3, 'Жарки', 'garci3.jpg', '', 'Жарки', 'Жарки'),
(4, 'Фотогалерея', 'garci3.jpg', '', 'Фотогалерея', 'Фотогалерея'),
(5, 'Форум', 'garci3.jpg', '<p>Страница находится в разрабоке</p>', 'Форумъ', 'Форум'),
(6, 'Об авторе', 'garci3.jpg', '<div ><img id="foto-article" src="../images/article/foto_otec.JPG"/></div>\r\n	\r\n	    <p id="text">	Баль Георгий Павлович образца 1954 г. Второй из серии трех Палычей. Отец из крестьян, но после войны в \r\n		колхоз не вернулся, отчасти по состоянию здоровья,толикой из-за присущей всем белорусским крестьянам смекалки-хитрости. \r\n		Устроился работать проводником на железной дороге. Работал, учился, связи с деревней не порывал, там остались мать и сестра. Жизнь не баловала. Гомель даже в начале 60-х не забывал о прошедшей войне. По дороге в школу стоял разбомбленный дом, от верхних дух этажей были развалины, а на первом жили люди. Жили, не смотря на трудности, потому что была уверенность, что завтра будет лучше, чем вчера. Действительно, с каждым днем жизнь становилось краше. Мы со старшим братом родились, когда отец с матерью снимали комнатушку. Младший Игорь в благоустроенной двухкомнатной квартире в центре города, которую получил отец в 57 году. Как жили? Как все. Ходили в детский садик. Все в один и тот же. Были октябрятами, пионерами. Ездили в пионерские лагеря. Занимались спортом. \r\n <p>Академическая гребля. Зимой лыжи, бассейн. Отец постоянно был с детьми. На рыбалку, за грибами-ягодами, брал с детсадовского \r\n возраста. В деревне коров пасти, сено косить, картошку садить. В библиотеку – целый поход. Ходили через выходной. Своих книг \r\n было немного, а читать любили все. И пока отец выбирал, что-то для себя и матери, мы с братом просматривали детские полки. \r\n Позже стали ходить в нее самостоятельно. Дворец Пионеров в старом парке над Сожем, в бывшем дворце князя Паскевича, занятия в изостудии. Старший брат если бы не был прекрасным инженером, мог бы стать художником, он хорошо пишет маслом, я же в то время больше увлекался чеканкой, графикой. \r\n </p><p>После школы Ремонтно- Механический завод – слесарь по наладке оборудования. Служба в армии. Московский округ ПВО. Полк связи. \r\n Демобилизовался механиком 1-го класса аппаратуры ЗАС.Гомельский центральный телеграф – электромонтер. А, все- таки, чего- то не хватает. Зимою лета, осенью весны. Уехал в Алдан. Алданский ЭТУС. В августе командировка в п.Чульман, которая затянулась на четыре месяца, пока начальнику не надоело платить командировочные. В сентябре п. Нерюнгри получил статус города республиканского подчинения. Строительство ЮЯТПК (Южно-Якутский территориально - промышленный комплекс) было объявлено комсомольской ударной стройкой, одновременно к нему строилась ветка БАМа от Тынды. Время было интересное, работы, интересной работы хватало всем. Поступало новое оборудование, которое необходимо было монтировать. Монтажные работы наверное самое привлекательное в связи. Есть такое искусство «Схемотехника». Мало составить грамотно схему, ее нужно составить красиво, так что бы она читалась с листа как песня. Но принципиальная схема это одно, монтажная другое. Плохой исполнитель может испортить самую гениальную мелодию. Сыграть, сделать так, что бы твоей работой любовались, что бы тысячи проводов были каждый на своем месте и при этом контакт не сбоил, как не сбоит, не вносит диссонанс чисто взятая нота.\r\n </p><p>Без знаний – никуда, поступил в Новосибирский институт связи. Назначили старшим электромехаником, понял, что руководитель никудышный. Получил два строгача, один за грубость с подчиненными. Молоды были, горячи. Если работать, то работать, а не отбывать трудовую повинность. За временем забыл, как звали эту даму, да и отработала она у нас всего ничего, а глаза успела открыть. Спасибо и за это. Но в целом коллектив был дружный. Молоды, горячи. До двадцати восьми честно платил комсомольские взносы. Был секретарем комсомольской организации, членом профкома, СТК управления связи. Рос авторитет, как специалиста. Монтировал оборудование от БАМа (Хани) до Оймякона (Усть-Нера). В 82 г. проводился конкурс в честь столетия телеграфной связи в России. Тяжело было в Хабаровске. Был азарт, была борьба. В Москве собрались победители девяти зон, за исключением москвича, выпили, как положено, и решили, что нам есть чем гордиться; мы вошли в лучшую десятку в России. Первое место по понятным причинам занял москвич, второе волгоградец, а третье представитель мало кому известного города Нерюнгри. Смешно было, когда корреспондент «Советской России» спрашивал; - А у вас там медведи по улицам ходят. Эх, Москва, Москва – лапотная. В том, что сейчас город Нерюнгри, как белая сказка среди Алданского нагорья есть частица и моего труда. Живут там сейчас дети; сын, дочь, осталось много друзей.\r\n </p><p>Волею судеб в 93 оказался в Жирекене. Поселок приглянулся своей чистотой. Прекрасной тайгой. Судьба оказалась милостивою и, несмотря на уговоры друзей работать в ГОКе, устроился на железную дорогу эл/ механиком связи. Но развал ГОКа, разморозка поселка, коснулись и нашей семьи. Пусть более - менее была стабильная зарплата. Только и наши дети месяцами не ходили в школу, то она заморожена, закрыта, то бастуют учителя. Также носили воду на третий этаж, принес двадцать ведер - вынес немного больше. Также топили буржуйку. Желания уезжать не было, верили, что и ГОК заработает и поселок оживет.\r\n </p><p>Стихами стал увлекаться в школе. Наверное, Есенин. Помню светло синий томик с березовыми ветками. Первые стихи не про партию и пионерский галстук. Бедные поэты, да и прозаики, попавшие в школьную программу. Кто ее подбирает? Чехова я полюбил уже, будучи взрослым. Спасибо отцу, который сам читал много и умел рассказать, любил и понимал лес, речку, учил этому нас. Спасибо деду Сергею, который хорошо знал старославянский, переводившего для нас библию на гражданский язык. Ночь, потрескивают поленья в русской печи, за окном вьюга. Уютно под толстым стеганным одеялом, а дед читает вслух Ветхий завет. Отношение к религии, вера впитывается с молоком матери. Стоит на прикроватной тумбочке икона Св. Митрофания, которой благословляли брак деда с бабушкой. По молодости лет мы редко обращаемся к Богу, но приходит время и человек задумывается о душе. Вот только не надо грешить на Советскую власть, что она запрещала религию. Да, несовместимы были партбилет и крестик на шее, но если ты верил бога, то это было твое право на свободу вероисповедования. Пропаганда? Так нас сейчас уверяют, что все большевики и коммунисты – исчадия ада. Я против любой перестройки, которая отметает все хорошее, что было до нее. Оправдывая свою несостоятельность, бездарность, воровство, подлость начинает во всех этих грехах обвинять предшественников, пугать подрастающее поколение ужасами предыдущего режима Я благодарен всей системе обучения и воспитания в советское время. Была возможность заниматься спортом, искусством. Не помню ни одного одноклассника, который не занимался бы, в каком ни будь кружке, спортивной секции. Что поделаешь если я родился в прошлом веке в Советском Союзе и как все рабочие люди испытываю ностальгию по тем временам, по своей великой Родине. Но времена изменились. Мне повезло, я не был безработным, мои дети не были голодными и босыми. Мне не пришлось воровать, мошенничать.\r\n </p><p>Вот вроде и вся биография. Что еще о себе. К водке отношусь нормально, но не жаден. К наркотикам отрицательно. К женщинам положительно. Люблю жену. К меньшинствам не отношусь. Увлечения: книги, рыбалка, охота. Жена добавляет – дача.\r\n </p>\r\n		<p id="data">Баль Георгий. </p>', 'Об авторе', 'Об авторе'),
(7, 'Новости', '', '', 'Новости', 'Новости');

-- --------------------------------------------------------

--
-- Структура таблицы `xyz_sef`
--

CREATE TABLE IF NOT EXISTS `xyz_sef` (
  `id` int(10) unsigned NOT NULL,
  `link` varchar(255) NOT NULL,
  `alias` varchar(255) NOT NULL
) ENGINE=MyISAM AUTO_INCREMENT=22 DEFAULT CHARSET=utf8;

--
-- Дамп данных таблицы `xyz_sef`
--

INSERT INTO `xyz_sef` (`id`, `link`, `alias`) VALUES
(1, '/poll', 'poll'),
(2, '/register', 'register'),
(3, '/activate', 'activate'),
(4, '/sregister', 'sregister'),
(5, '/reset', 'reset'),
(6, '/sreset', 'sreset'),
(7, '/logout', 'logout'),
(8, '/remind', 'remind'),
(9, '/search', 'search'),
(10, '/user/editprofile', 'user/editprofile'),
(11, '/section?id=1', 'Стихи'),
(12, '/section?id=2', 'css'),
(13, '/category?id=1', 'html-osnovy'),
(14, '/category?id=2', 'html-5'),
(15, '/category?id=3', 'css-osnovy'),
(16, '/article?id=1', 'html-sozdanie-sajta'),
(17, '/article?id=2', 'html-ssylki-i-izobrageniya'),
(18, '/article?id=3', 'css-sintaksis'),
(19, '/article?id=4', 'css-kak-zadat-stil'),
(20, '/article?id=5', 'css-selektory'),
(21, '/article?id=6', 'srs');

-- --------------------------------------------------------

--
-- Структура таблицы `xyz_users`
--

CREATE TABLE IF NOT EXISTS `xyz_users` (
  `id` int(10) unsigned NOT NULL,
  `login` varchar(100) NOT NULL,
  `email` varchar(100) NOT NULL,
  `password` varchar(32) NOT NULL,
  `name` varchar(255) NOT NULL,
  `avatar` varchar(255) DEFAULT NULL,
  `date_reg` int(10) unsigned NOT NULL,
  `activation` varchar(32) NOT NULL
) ENGINE=MyISAM AUTO_INCREMENT=11 DEFAULT CHARSET=utf8;

--
-- Дамп данных таблицы `xyz_users`
--

INSERT INTO `xyz_users` (`id`, `login`, `email`, `password`, `name`, `avatar`, `date_reg`, `activation`) VALUES
(10, 'bal2', 'bal2@mail.ru', '1329025a254028a8916ddbd628a771b0', 'bal2', NULL, 1436157719, ''),
(6, 'bal', 'bal@mail.ru', '1329025a254028a8916ddbd628a771b0', 'bal', '55658ed455ade.gif', 1432718942, '');

--
-- Индексы сохранённых таблиц
--

--
-- Индексы таблицы `xyz_articles`
--
ALTER TABLE `xyz_articles`
  ADD PRIMARY KEY (`id`);

--
-- Индексы таблицы `xyz_categories`
--
ALTER TABLE `xyz_categories`
  ADD PRIMARY KEY (`id`);

--
-- Индексы таблицы `xyz_comments`
--
ALTER TABLE `xyz_comments`
  ADD PRIMARY KEY (`id`);

--
-- Индексы таблицы `xyz_menu`
--
ALTER TABLE `xyz_menu`
  ADD PRIMARY KEY (`id`);

--
-- Индексы таблицы `xyz_quotes`
--
ALTER TABLE `xyz_quotes`
  ADD PRIMARY KEY (`id`);

--
-- Индексы таблицы `xyz_sections`
--
ALTER TABLE `xyz_sections`
  ADD PRIMARY KEY (`id`);

--
-- Индексы таблицы `xyz_sef`
--
ALTER TABLE `xyz_sef`
  ADD PRIMARY KEY (`id`);

--
-- Индексы таблицы `xyz_users`
--
ALTER TABLE `xyz_users`
  ADD PRIMARY KEY (`id`), ADD UNIQUE KEY `login` (`login`,`email`);

--
-- AUTO_INCREMENT для сохранённых таблиц
--

--
-- AUTO_INCREMENT для таблицы `xyz_articles`
--
ALTER TABLE `xyz_articles`
  MODIFY `id` int(10) unsigned NOT NULL AUTO_INCREMENT,AUTO_INCREMENT=26;
--
-- AUTO_INCREMENT для таблицы `xyz_categories`
--
ALTER TABLE `xyz_categories`
  MODIFY `id` int(10) unsigned NOT NULL AUTO_INCREMENT,AUTO_INCREMENT=4;
--
-- AUTO_INCREMENT для таблицы `xyz_comments`
--
ALTER TABLE `xyz_comments`
  MODIFY `id` int(10) unsigned NOT NULL AUTO_INCREMENT,AUTO_INCREMENT=92;
--
-- AUTO_INCREMENT для таблицы `xyz_menu`
--
ALTER TABLE `xyz_menu`
  MODIFY `id` int(10) unsigned NOT NULL AUTO_INCREMENT,AUTO_INCREMENT=125;
--
-- AUTO_INCREMENT для таблицы `xyz_quotes`
--
ALTER TABLE `xyz_quotes`
  MODIFY `id` int(10) unsigned NOT NULL AUTO_INCREMENT,AUTO_INCREMENT=6;
--
-- AUTO_INCREMENT для таблицы `xyz_sections`
--
ALTER TABLE `xyz_sections`
  MODIFY `id` int(10) unsigned NOT NULL AUTO_INCREMENT,AUTO_INCREMENT=13;
--
-- AUTO_INCREMENT для таблицы `xyz_sef`
--
ALTER TABLE `xyz_sef`
  MODIFY `id` int(10) unsigned NOT NULL AUTO_INCREMENT,AUTO_INCREMENT=22;
--
-- AUTO_INCREMENT для таблицы `xyz_users`
--
ALTER TABLE `xyz_users`
  MODIFY `id` int(10) unsigned NOT NULL AUTO_INCREMENT,AUTO_INCREMENT=11;
/*!40101 SET CHARACTER_SET_CLIENT=@OLD_CHARACTER_SET_CLIENT */;
/*!40101 SET CHARACTER_SET_RESULTS=@OLD_CHARACTER_SET_RESULTS */;
/*!40101 SET COLLATION_CONNECTION=@OLD_COLLATION_CONNECTION */;
